Municipio,Codigo,Año,Total suscriptores urbanos,Suscriptores  urbano estrato 01,Suscriptores  urbano estrato 02,Suscriptores urbano estrato 03,Suscriptores urbano estrato 04,Suscriptores  urbano estrato 05,Suscriptores urbano estrato 06,Suscriptores urbano industrial,Suscriptores urbano  comercial,Suscriptores urbano oficial,Suscriptores urbano alumbrado publico,Consumo promedio urbano estrato 01,Consumo promedio urbano estrato 02,Consumo promedio urbano estrato 03,Consumo promedio urbano estrato 04,Consumo promedio urbano estrato 05,Consumo promedio urbano estrato 06,Consumo promedio urbano industrial,Consumo promedio urbano comercial,Consumo promedio urbano oficial,Consumo promedio urbano alumbrado publico,Consumo total urbano estrato 01,Consumo total urbano estrato 02,Consumo total urbano estrato 03,Consumo total urbano estrato 04,Consumo total urbano estrato 05,Consumo total urbano estrato 06,Consumo total urbano industrial,Consumo total urbano comercial,Consumo total urbano oficial,Consumo total urbano alumbrado publico,# Suscriptores rurales,Suscriptores rural estrato 01,Suscriptores  rural estrato 02,Suscriptores  rural estrato 03,Suscriptores rural estrato 04,Suscriptores rural estrato 05,Suscriptores rural estrato 06,Suscriptores rural industrial,Suscriptores rural comercial,Suscriptores rural oficial,Suscriptores rural alumbrado publico,Consumo promedio rural estrato 01,Consumo promedio rural estrato 02,Consumo promedio rural estrato 03,Consumo promedio rural estrato 04,Consumo promedio rural estrato 05,Consumo promedio rural estrato 06,Consumo promedio rural industrial,Consumo promedio rural comercial,Consumo promedio rural oficial,Consumo promedio rural alumbrado publico,Consumo total rural estrato 01,Consumo total rural estrato 02,Consumo total rural estrato 03,Consumo total rural estrato 04,Consumo total rural estrato 05,Consumo total rural estrato 06,Consumo total rural industrial,Consumo total rural comercial,Consumo total rural oficial,Consumo total rural alumbrado publico,Porcentaje cobertuta municipio
Almaguer,19022,2012,586,517,13,0,0,0,0,5,9,17,25,807.7872340425532,799.3076923076923,0,0,0,0,16674.2,2572.11,4500.76,3840.68,417626,10391,0,0,0,0,83371,23149,76513,96017,3540.0,3477,32,0,0,0,0,0,5,26,0,375.7437446074202,301.03125,0,0,0,0,0,1225,1185.5384615384614,0,1306461,9633,0,0,0,0,0,6125,30824,0,0.0
Almaguer,19022,2013,603,527,12,0,2,0,0,5,13,21,23,810.1385199240987,856.25,0,143.5,0,0,17166.2,2371.4615384615386,5477.952380952381,3914.521739130435,426943,10275,0,287,0,0,85831,30829,115037,90034,3678.0,3608,32,0,0,0,0,0,6,32,0,641.5612527716186,609.125,0,0,0,0,0,1257.5,925.6875,0,2314753,19492,0,0,0,0,0,7545,29622,0,0.83
Almaguer,19022,2014,598,529,10,0,1,0,0,5,12,18,23,722.359168241966,705.8,0,77,0,0,15441,1887.5,3625.277777777778,3867.782608695652,382128,7058,0,77,0,0,77205,22650,65255,88959,3809.0,3736,32,0,0,0,0,0,4,37,0,797.6142933618844,752.9375,0,0,0,0,0,1973,815.8108108108108,0,2979887,24094,0,0,0,0,0,7892,30185,0,0.834
Almaguer,19022,2015,599,530,10,0,0,0,0,5,13,18,23,950.688679245283,904.9,0,0,0,0,16713.4,2182.153846153846,3594.6666666666665,3849.4347826086955,503865,9049,0,0,0,0,83567,28368,64704,88537,3910.0,3835,32,0,0,0,0,0,4,39,0,835.2331160365059,810.9375,0,0,0,0,0,2223.75,955.1538461538462,0,3203119,25950,0,0,0,0,0,8895,37251,0,0.855
Almaguer,19022,2016,623,551,11,0,0,0,0,5,15,18,23,1032.3049001814882,963,0,0,0,0,18259.4,2198.6666666666665,4551.166666666667,2941.3478260869565,568800,10593,0,0,0,0,91297,32980,81921,67651,3952.0,3873,32,0,0,0,0,0,4,42,1,825.571133488252,784.6875,0,0,0,0,0,2036.75,878.2857142857143,926,3197437,25110,0,0,0,0,0,8147,36888,926,0.9
Almaguer,19022,2017,637,564,11,0,0,0,0,5,16,18,23,723.3085106382979,721.5454545454545,0,0,0,0,19827.6,1857.3125,5198.277777777777,657.9565217391304,407946,7937,0,0,0,0,99138,29717,93569,15133,4046.0,3967,32,0,0,0,0,0,5,41,1,1038.1883035039073,1008.46875,0,0,0,0,0,1692,775.5121951219512,2598,4118493,32271,0,0,0,0,0,8460,31796,2598,0.9
Argelia,19050,2012,2160,1521,462,4,0,0,0,13,127,21,12,1297.4293228139381,1280.9502164502164,1111.75,0,0,0,6935,1471.3543307086613,5098.476190476191,8769.416666666666,1418462424,289325556,2555696,0,0,0,867546902,436201734.19,62370418,58163090,3316.0,3071,194,0,0,0,0,5,15,31,0,717.222077499186,841.9329896907217,0,0,0,0,1136.6,1971.6,1300.0645161290322,0,2202589,163335,0,0,0,0,5683,29574,40302,0,0.0
Argelia,19050,2013,2104,1483,450,4,0,1,0,11,123,21,11,885.0478759271747,1323.5422222222223,1345,0,437,0,7089.090909090909,1463.780487804878,5119.476190476191,10718.272727272728,1312526,595594,5380,0,437,0,77980,180045,107509,117901,3239.0,3002,186,0,0,0,0,5,15,31,0,830.7265156562291,956.5268817204301,0,0,0,0,1165.75,1862.3333333333333,1236.032258064516,0,2493841,177914,0,0,0,0,4663,27935,38317,0,0.8
Argelia,19050,2014,2039,1429,451,4,0,0,0,11,112,21,11,1435.5311406578026,1807.6474501108648,1903.75,0,0,0,3838.7272727272725,1538.438596491228,4152.809523809524,10571.454545454546,2051374,815249,7615,0,0,0,42226,175382,87209,116286,3339.0,3099,190,1,0,0,0,3,15,31,0,1267.106485963214,1387.6368421052632,219,0,0,0,207.66666666666666,1648.3333333333333,1087.6451612903227,0,3926763,263651,219,0,0,0,623,24725,33717,0,0.81
Argelia,19050,2015,1869,1305,418,3,0,0,0,9,102,21,11,1644.2360153256705,1995.83014354067,1743,0,0,0,4577.888888888889,1679.0980392156862,5334.333333333333,10552.09090909091,2145728,834257,5229,0,0,0,41201,171268,112021,116073,3545.0,3261,219,1,0,0,0,4,28,32,0,1412.9932536031893,1546.0502283105022,3145,0,0,0,158,2552.6428571428573,1197.0625,0,4607771,338585,3145,0,0,0,632,71474,38306,0,0.81
Argelia,19050,2016,1922,1344,423,3,0,0,0,9,111,21,11,1412.001488095238,1683.4420803782507,1113.3333333333333,0,0,0,4002.3333333333335,1625,5249.380952380952,10659.181818181818,1897730,712096,3340,0,0,0,36021,180375,110237,117251,3723.0,221,1,0,0,0,0,5,29,33,0,1231.6739188826216,1515.497737556561,3067,0,0,0,1315.8,2819.689655172414,1246.7272727272727,0,4585522,334925,3067,0,0,0,6579,81771,41142,0,0.93
Argelia,19050,2017,1969,1382,422,3,0,0,0,9,121,21,11,1376.0803183791606,1502.0094786729858,937.6666666666666,0,0,0,2784.4444444444443,1558.4214876033059,5271.047619047619,14081,1901743,633848,2813,0,0,0,25060,188569,110692,154891,4642.0,4349,220,1,0,0,0,3,32,37,0,1407.6955621982065,1601.2227272727273,2743,0,0,0,304,2283.4375,1399.5135135135135,0,6122068,352269,2743,0,0,0,912,73070,51782,0,0.95
Balboa,19075,2012,645,537,0,0,0,0,0,14,67,17,10,694.4139433551198,1099.9497206703911,0,0,0,0,6490.785714285715,1886.597014925373,7308.470588235294,16266.5,637472,590673,0,0,,0,90871,126402,124244,162665,3620.0,3234,308,0,0,0,0,3,19,56,0,633.1694495980211,782.9675324675325,0,0,0,0,15991.333333333334,1192.7368421052631,924.2142857142857,0,2047670,241154,0,0,0,0,47974,22662,51756,0,0.0
Balboa,19075,2013,1600,945,535,1,0,0,1,17,73,18,10,950.3195767195767,1375.7943925233644,321,0,0,20,4489.823529411765,1833.7945205479452,7075.444444444444,18848.7,898052,736050,321,0,0,20,76327,133867,127358,188487,3662.01,3278,302,0.01,0,0,0,4,22,56,0,1065.8126906650396,1170.8476821192053,0,0,0,0,16925.25,2005.3636363636363,811.2678571428571,0,3493734,353596,0,0,0,0,67701,44118,45431,0,0.89
Balboa,19075,2014,1623,974,528,0,0,0,0,19,74,18,10,758.3757700205339,1242.751893939394,0,0,0,0,4200.368421052632,1860,6656.277777777777,18590.4,738658,656173,0,0,0,0,79807,137640,119813,185904,3830.0,3445,300,0,0,0,0,5,24,56,0,1283.6214804063861,1375.0366666666666,0,0,0,0,16527.4,1714.3333333333333,1011.2142857142857,0,4422076,412511,0,0,0,0,82637,41144,56628,0,0.92
Balboa,19075,2015,1644,997,524,0,0,0,0,18,76,19,10,1048.2126379137412,1508.4484732824428,0,0,0,0,4950.5,1783.092105263158,6137.315789473684,18556.1,1045068,790427,0,0,0,0,89109,135515,116609,185561,4025.0,3633,298,0,0,0,0,6,26,62,0,1266.178640242224,1400.493288590604,0,0,0,0,14154.166666666666,2368.5384615384614,1032.1774193548388,0,4600027,417347,0,0,0,0,84925,61582,63995,0,0.92
Balboa,19075,2016,1690,1033,530,0,0,0,0,17,81,19,10,1167.9951597289448,1557.456603773585,0,0,0,0,4897,1841.3086419753085,5302.1578947368425,18744,1206539,825452,0,0,0,0,83249,149146,100741,187440,4130.0,3736,296,0,0,0,0,6,26,66,0,1209.4159528907924,1312.4155405405406,0,0,0,0,16177.5,1852.8076923076924,1022.2424242424242,0,4518378,388475,0,0,0,0,97065,48173,67468,0,0.927
Balboa,19075,2017,1715,1059,530,0,0,0,0,17,80,19,10,738.1775259678942,1170.2377358490567,0,0,0,0,4944.705882352941,1885.9,5416.105263157895,21806.6,781730,620226,0,0,0,0,84060,150872,102906,218066,4292.0,3905,297,0,0,0,0,6,24,60,0,1376.2422535211267,1496.3939393939395,0,0,0,0,16452.333333333332,1861.7916666666667,925.95,0,5374226,444429,0,0,0,0,98714,44683,55557,0,0.95
Bolivar,19100,2012,1703,688,725,135,0,0,0,27,80,38,10,845.5639534883721,1003.08,1328.1851851851852,0,0,0,6546.7037037037035,3161.7,6933.605263157895,58773.333333333336,581748,727233,179305,0,0,0,176761,252936,263477,176320,7586.0,7138,325,0,1,0,0,5,18,99,0,459.0029420005604,500.88615384615383,0,970,0,0,2853.4,1484.9444444444443,948.3636363636364,0,3276363,162788,0,970,0,0,14267,26729,93888,0,0.0
Bolivar,19100,2013,1778,729,750,140,0,0,0,27,91,40,1,878.6570644718793,2427.456,1365.4142857142858,0,0,0,6660.2962962962965,3171.879120879121,6626.825,223734,640541,1820592,191158,0,0,0,179828,288641,265073,223734,7805.0,7356,325,0,0,0,0,4,19,101,0,742.2826264274062,795.24,0,0,0,0,4143.75,1454.7368421052631,1135.7326732673268,0,5460231,258453,0,0,0,0,16575,27640,114709,0,0.79
Bolivar,19100,2014,1797,727,748,138,0,0,0,27,115,41,1,763.2861072902339,1005.9224598930481,1344.123188405797,0,0,0,6498.37037037037,2935.1652173913044,6206.121951219512,220667,554909,752430,185489,0,0,0,175456,337544,254451,220667,8032.0,7575,329,0,0,0,0,4,26,98,0,907.5277887788778,960.6382978723404,0,0,0,0,3211.5,1027,1046.1632653061224,0,6874523,316050,0,0,0,0,12846,26702,102524,0,0.84
Bolivar,19100,2015,1762,711,720,140,0,0,0,28,121,41,1,960.9381153305204,1198.4402777777777,1489.9142857142858,0,0,0,6417.5,2929.495867768595,6427.121951219512,225145,683227,862877,208588,0,0,0,179690,354469,263512,225145,8792.0,8307,342,2,1,0,0,6,34,100,0,914.6371734681594,1103.9941520467837,227,491,0,0,2797.6666666666665,1130.9705882352941,1270.21,0,7597891,377566,454,491,0,0,16786,38453,127021,0,0.88
Bolivar,19100,2016,1795,726,726,146,0,0,0,28,126,41,2,880.6184573002755,1152.185950413223,1345.1027397260275,0,0,0,6887.785714285715,2761.0238095238096,5975.390243902439,117991.5,639329,836487,196385,0,0,0,192858,347889,244991,235983,9272.0,8751,363,1,1,0,0,7,40,109,0,916.4338932693406,1117.9779614325068,647,683,0,0,2448.285714285714,1043.675,2250.394495412844,0,8019713,405826,647,683,0,0,17138,41747,245293,0,0.95
Bolivar,19100,2017,1832,738,729,147,0,0,0,27,147,42,2,712.8672086720867,963.3319615912209,1155.9251700680272,0,0,0,6667.518518518518,2466.5671641791046,6204.333333333333,132829.5,526096,702269,169921,0,0,0,180023,330520,260582,265659,9579.0,9055,366,1,0,0,0,7,41,109,0,1106.5473219215903,1250.9863387978141,860,0,0,0,2588.8571428571427,1050.8292682926829,1386.788990825688,0,10019786,457861,860,0,0,0,18122,43084,151160,0,0.98
Buenos Aires ,19110,2012,1588.04,1086,371,0.04,1,0,0,14,80,28,8,1201.622467771639,1341.5390835579515,1118,1638,0,0,66222.28571428571,2210.0625,5408.857142857143,41056.75,1304962,497711,4472,1638,0,0,927112,176805,151448,328454,4398.0,4194,58,0,0,0,0,86,14,46,0,1067.4315689079638,1431.1896551724137,0,0,0,0,29650.174418604653,2062.8571428571427,1917.7173913043478,0,4476808,83009,0,0,0,0,2549915,28880,88215,0,0.0
Guapi,19318,2013,0,0,0,0,0,0,0,0,0,0,0,0,0,0,0,0,0,0,0,0,0,0,0,0,0,0,0,0,0,0,0,0.0,0,0,0,0,0,0,0,0,0,0,0,0,0,0,0,0,0,0,0,0,0,0,0,0,0,0,0,0,0,0,0.0
Guapi,19318,2014,0,0,0,0,0,0,0,0,0,0,0,0,0,0,0,0,0,0,0,0,0,0,0,0,0,0,0,0,0,0,0,0.0,0,0,0,0,0,0,0,0,0,0,0,0,0,0,0,0,0,0,0,0,0,0,0,0,0,0,0,0,0,0,0.0
Guapi,19318,2015,0,0,0,0,0,0,0,0,0,0,0,0,0,0,0,0,0,0,0,0,0,0,0,0,0,0,0,0,0,0,0,0.0,0,0,0,0,0,0,0,0,0,0,0,0,0,0,0,0,0,0,0,0,0,0,0,0,0,0,0,0,0,0,0.0
Buenos Aires ,19110,2013,1664,1162,381,5,0,0,0,14,81,14,7,1391.5447504302927,1544.9685039370079,1241.2,0,0,0,77125.78571428571,2579.1234567901233,5084.555555555556,39801.28571428572,1616975,588633,6206,0,0,0,1079761,208909,137283,278609,4940.0,4686,58,0,2,0,0,122,18,54,0,1235.9383269312846,1415.1206896551723,0,837,0,0,35635.5,1638.4444444444443,1694.0185185185185,0,5791607,82077,0,1674,0,0,4347531,29492,91477,0,0.9
Buenos Aires ,19110,2014,1640,1124,371,5,0,0,0,22,84,27,7,1447.670818505338,1593.4582210242588,1294.8,0,0,0,113005.59090909091,2513.845238095238,5665.37037037037,19261.714285714286,1627182,591173,6474,0,0,0,2486123,211163,152965,134832,5279.0,5008,63,0,0,0,0,128,21,59,0,1261.7961261980831,1608.2222222222222,0,0,0,0,37866.4296875,619.047619047619,1412.8813559322034,0,6319075,101318,0,0,0,0,4846903,13000,83360,0,0.91
Buenos Aires ,19110,2015,1664,1143,370,5,0,0,0,22,90,27,7,1737.3412073490813,1873.5027027027027,1510.8,0,0,0,111210.68181818182,2425.866666666667,5915.444444444444,15273.57142857143,1985781,693196,7554,0,0,0,2446635,218328,159717,106915,5382.0,5105,63,0,2,0,0,130,22,60,0,1649.6495592556316,1973.2857142857142,0,1652.5,0,0,32125.33846153846,621.6363636363636,1681.5833333333333,0,8421461,124317,0,3305,0,0,4176294,13676,100895,0,0.91
Buenos Aires ,19110,2016,1652,1140,361,6,0,0,0,21,90,27,7,1363.8166666666666,1593.759002770083,1511.6666666666667,0,0,0,16551.95238095238,2200.9222222222224,6246.555555555556,14622.285714285714,1554751,575347,9070,0,0,0,347591,198083,168657,102356,5271.0,4999,59,0,2,0,0,136,21,54,0,1215.7755551110222,1857,0,3237,0,0,43108.08823529412,907.6190476190476,1521.2962962962963,0,6077662,109563,0,6474,0,0,5862700,19060,82150,0,0.93
Guapi,19318,2016,0,0,0,0,0,0,0,0,0,0,0,0,0,0,0,0,0,0,0,0,0,0,0,0,0,0,0,0,0,0,0,0.0,0,0,0,0,0,0,0,0,0,0,0,0,0,0,0,0,0,0,0,0,0,0,0,0,0,0,0,0,0,0,0.0
Guapi,19318,2017,0,0,0,0,0,0,0,0,0,0,0,0,0,0,0,0,0,0,0,0,0,0,0,0,0,0,0,0,0,0,0,0.0,0,0,0,0,0,0,0,0,0,0,0,0,0,0,0,0,0,0,0,0,0,0,0,0,0,0,0,0,0,0,0.0
Buenos Aires ,19110,2017,1662,1152,357,9,0,0,0,19,91,27,7,1295.2743055555557,1492.3053221288515,1601.6666666666667,0,0,0,9547.947368421053,2249.21978021978,5363.888888888889,14582.42857142857,1492156,532753,14415,0,0,0,181411,204679,144825,102077,5487.0,5215,57,0,2,0,0,143,20,50,0,1304.740364333653,1886.842105263158,0,2708,0,0,25075.482517482516,869.35,1527.7,0,6804221,107550,0,5416,0,0,3585794,17387,76385,0,0.954
Cajibio,19130,2012,652,272,310,1,0,0,0,9,32,17,11,886.2058823529412,1179.1870967741936,3366,0,0,0,26716.88888888889,2090,5385.235294117647,22440.272727272728,241048,365548,3366,0,0,0,240452,66880,91549,246843,7027.0,6282,575,22,2,0,0,13,52,81,0,561.8193250557148,884.6747826086956,2503.5454545454545,1834,0,0,26979,1574.5576923076924,1433.2716049382716,0,3529349,508688,55078,3668,0,0,350727,81877,116095,0,0.0
Cajibio,19130,2013,698,310,316,1,0,0,1,8,35,18,9,848.0935483870968,1227.51582278481,2544,0,0,600,10815.25,2274.285714285714,5467.166666666667,33272.555555555555,262909,387895,2544,0,0,600,86522,79600,98409,299453,7320.0,6562,584,22,2,1,0,13,53,83,0,627.6200853398354,1058.7174657534247,2563.9545454545455,2142.5,359,0,37515.61538461538,1795.9433962264152,1412.9638554216867,0,4118443,618291,56407,4285,359,0,487703,95185,117276,0,0.73
Cajibio,19130,2014,715,326,315,2,0,0,0,9,36,18,9,829.9110429447853,1189.2444444444445,1180,0,0,0,15487.555555555555,2095.6944444444443,5899.555555555556,26829.222222222223,270551,374612,2360,0,0,0,139388,75445,106192,241463,7723.0,6973,573,24,1,0,0,15,56,81,0,641.4417037143266,1100.8970331588132,2679.0833333333335,2918,0,0,36188.86666666667,1905.4107142857142,1686.4197530864199,0,4472773,630814,64298,2918,0,0,542833,106703,136600,0,0.78
Cajibio,19130,2015,767,367,322,3,0,0,0,11,36,19,9,802.2397820163487,1216.9658385093169,877,0,0,0,17257.363636363636,2049.027777777778,6595.631578947368,27114.222222222223,294422,391863,2631,0,0,0,189831,73765,125317,244028,8337.0,7574,581,24,1,1,0,14,58,84,0,615.8216266173753,1113.1996557659209,2589.7083333333335,3886,290,0,40310.78571428572,1989.8275862068965,1590.095238095238,0,4664233,646769,62153,3886,290,0,564351,115410,133568,0,0.78
Cajibio,19130,2016,797,386,335,3,0,0,0,9,36,19,9,810.7046632124352,1226.0955223880596,1766.6666666666667,0,0,0,18073.444444444445,1849.4166666666667,6435.263157894737,27720.333333333332,312932,410742,5300,0,0,0,162661,66579,122270,249483,8680.0,7896,594,25,2,1,0,16,60,86,0,589.9859422492401,1084.5555555555557,2411.48,2169,600,0,43881.1875,2207.6666666666665,1636.4883720930231,0,4658529,644226,60287,4338,600,0,702099,132460,140738,0,0.84
Cajibio,19130,2017,822,402,339,3,0,0,0,10,39,20,9,855.4253731343283,1267.0324483775812,1679.3333333333333,0,0,0,16886.1,2050.076923076923,6116.35,30575.444444444445,343881,429524,5038,0,0,0,168861,79953,122327,275179,9468.0,8662,608,24,2,1,0,16,67,88,0,724.3882475178942,1192.6134868421052,2778.0416666666665,2482.5,700,0,51677.933333333334,2483.208955223881,1696.0568181818182,0,6274651,725109,66673,4965,700,0,775169,166375,149253,0,0.85
Caldono,19137,2012,1053,717,247,6,0,0,0,7,42,30,4,896.5006973500697,1119.3886639676114,1388,0,0,0,10580.857142857143,2563.6428571428573,4168.766666666666,9564,642791,276489,8328,0,0,0,74066,107673,125063,38256,4568.0,4355,88,1,0,0,0,9,36,79,0,736.9974741676234,869.6022727272727,232,0,0,0,9359.111111111111,785.8888888888889,2698.3037974683543,0,3209624,76525,232,0,0,0,84232,28292,213166,0,0.0
Caldono,19137,2013,1111,767,251,6,0,0,0,7,49,27,4,1417.0260756192959,1587.768924302789,1623.3333333333333,0,0,0,8737.142857142857,2514.31914893617,4375.586206896552,13028,1086859,398530,9740,0,0,0,61160,118173,126892,52112,4928.0,4696,104,1,0,0,0,8,36,83,0,1218.4171635434411,1296.0384615384614,809,0,0,0,13978.625,975.6666666666666,2655.4819277108436,0,5721687,134788,809,0,0,0,111829,35124,220405,0,0.69
Caldono,19137,2014,1125,784,244,6,0,0,0,7,50,30,4,1669.1173469387754,1533.6434426229507,1374.6666666666667,0,0,0,10296.285714285714,2620.24,4462.5,12850.5,1308588,374209,8248,0,0,0,72074,131012,133875,51402,5117.0,4910,81,1,0,0,0,9,36,80,0,1696.7959266802443,1793.3456790123457,1341,0,0,0,12262.777777777777,999.5,2462.3,0,8331268,145261,1341,0,0,0,110365,35982,196984,0,0.69
Caldono,19137,2015,1138,801,239,4,0,0,0,8,52,30,4,1932.541822721598,1953.7489539748954,4161.25,0,0,0,8724,2273.8653846153848,4904.033333333334,12826.5,1547966,466946,16645,0,0,0,69792,118241,147121,51306,6101.0,5841,107,1,1,0,0,12,47,92,0,1801.336414997432,2056.88785046729,1430,12,0,0,11881.583333333334,1382,2019.6304347826087,0,10521606,220087,1430,12,0,0,142579,64954,185806,0,0.74
Caldono,19137,2016,1287,940,244,4,0,0,0,9,54,32,4,1999.094680851064,2063.47131147541,3856.75,0,0,0,5569.666666666667,2400.706896551724,4536.34375,12956.25,1879149,503487,15427,0,0,0,50127,139241,145163,51825,7012.0,6730,130,1,1,0,0,15,53,82,0,1832.105646359584,2112.007692307692,1560,4,0,0,10430.6,1813.5471698113208,2339.0853658536585,0,12330071,274561,1560,4,0,0,156459,96118,191805,0,0.76
Caldono,19137,2017,1325,969,248,3,0,0,0,9,60,32,4,1772.6501547987616,1557.100806451613,5005.666666666667,0,0,0,5857.222222222223,2328.55,4010.09375,12920.75,1717698,386161,15017,0,0,0,52715,139713,128323,51683,7363.0,7072,132,1,1,0,0,16,56,85,0,1933.158512443439,2126.621212121212,1755,2,0,0,10026.375,2342.6071428571427,2448.6117647058823,0,13671297,280714,1755,2,0,0,160422,131186,208132,0,0.794
Caloto,19142,2012,1470,1019,276,8,0,0,0,37,84,26,20,1349.6153091265946,1336.2246376811595,1932.75,0,0,0,1086288.2162162163,29529.130952380954,16516,31916.8,1375258,368798,15462,0,0,0,40192664,2480447,429416,638336,3569.0,3354,120,1,0,0,0,31,33,30,0,1121.607930828861,1300.7583333333334,7472,0,0,0,1668507.8064516129,2515.909090909091,3870.9333333333334,0,3761873,156091,7472,0,0,0,51723742,83025,116128,0,0.0
Caloto,19142,2013,1572,1119,288,9,1,0,0,27,86,24,18,1631.9946380697052,1717.2604166666667,1838,752,0,0,1236977.4444444445,3579.1162790697676,15522.458333333334,37377.944444444445,1826202,494571,16542,752,0,0,33398391,307804,372539,672803,3936.0,3703,122,2,0,0,0,34,38,37,0,1343.6824196597354,1479.8688524590164,8524,0,0,0,1874421.3823529412,1965.2631578947369,5023.891891891892,0,4975656,180544,17048,0,0,0,63730327,74680,185884,0,0.83
Caloto,19142,2014,1622,1174,289,8,0,0,0,25,85,23,18,1383.0800681431006,1379.1695501730103,1290.375,0,0,0,1328341.16,3953.2235294117645,15276.04347826087,36864.5,1623736,398580,10323,0,0,0,33208529,336024,351349,663561,4005.0,3780,109,0,0,0,0,40,39,37,0,1838.6193121693123,1970.4036697247707,0,0,0,0,1693527.925,2005.7179487179487,5614.891891891892,0,6949981,214774,0,0,0,0,67741117,78223,207751,0,0.85
Caloto,19142,2015,1749,1278,297,7,4,0,2,26,92,24,19,1751.406103286385,1772.5252525252524,1890.5714285714287,5,0,148,1379564.0384615385,4265.467391304348,14049.416666666666,34860.15789473684,2238297,526440,13234,10,0,296,35868665,392423,337186,662343,4641.0,4399,108,1,0,0,0,42,45,45,1,2029.923619004319,2142.027777777778,5155,0,0,0,1672500.1666666667,2849.911111111111,5421.933333333333,0,8929634,231339,5155,0,0,0,70245007,128246,243987,0,0.85
Inza,19355,2012,521,124,281,4,0,0,0,4,65,15,28,1084.0806451612902,1194.5658362989325,2005.75,0,0,0,6633.5,3769.076923076923,3838.0666666666666,14659.214285714286,134426,335673,8023,0,0,0,26534,244990,57571,410458,5629.0,5309,192,0,0,0,0,5,28,95,0,574.1290261819552,679.21875,0,0,0,0,9523.2,1389.0357142857142,2090.0526315789475,0,3048051,130410,0,0,0,0,47616,38893,198555,0,0.0
Caloto,19142,2016,1830,1351,303,7,0,0,0,25,101,25,18,1688.5862324204293,1730.2541254125413,1837,0,0,0,1788160.44,3752.2475247524753,13745.6,37169.77777777778,2281280,524267,12859,0,0,0,44704011,378977,343640,669056,4953.0,4711,109,1,0,0,0,42,45,44,1,1799.094672044152,1810.48623853211,10715,0,0,0,1599339.119047619,3399.866666666667,5596.727272727273,0,8475535,197343,10715,0,0,0,67172243,152994,246256,0,89%%
Caloto,19142,2017,1925,1425,305,7,0,0,0,30,113,27,18,1245.221052631579,1245.3147540983607,1314.7142857142858,,,,1414864.7,3268.2743362831857,12692.296296296296,49472.27777777778,1774440,379821,9203,0,0,0,42445941,369315,342692,890501,5284.0,5051,107,1,0,0,0,39,43,42,1,1827.8881409621856,1732.2897196261683,14540,0,0,0,1885741.358974359,2653.860465116279,4506.0952380952385,0,9232663,185355,14540,0,0,0,73543913,114116,189256,0,0.92
Corinto,19212,2012,3851,1713,1769,150,7,0,0,17,143,38,14,1098.5049620548746,1321.71905031091,1679.5666666666666,6692.857142857143,0,0,24692.764705882353,3654.5524475524476,5645.394736842105,33304.857142857145,1881739,2338121,251935,46850,0,0,419777,522601,214525,466268,3214.0,3080,82,0,0,0,0,1,7,44,0,771.0448051948052,878.939024390244,0,0,0,0,44415,9345,2394.1136363636365,0,2374818,72073,0,0,0,0,44415,65415,105341,0,0.0
Corinto,19212,2013,3953,1814,1769,152,7,0,0,15,147,38,11,1199.6058434399117,1421.128886376484,1889.8618421052631,7333.714285714285,0,0,33310.333333333336,4214.340136054422,5862.736842105263,51452.27272727273,2176085,2513977,287259,51336,0,0,499655,619508,222784,565975,3384.0,3241,83,0,0,0,0,3,8,49,0,815.8167232335699,1068.9759036144578,0,0,0,0,54454.333333333336,11929.625,2798.591836734694,0,2644062,88725,0,0,0,0,163363,95437,137131,0,0.9
Jambalo,19364,2012,337,188,120,1,0,0,0,1,3,11,13,918.8776595744681,1027.35,1207,0,0,0,15281,2538,4161.181818181818,7036.923076923077,172749,123282,1207,0,0,0,15281,7614,45773,91480,2041.0,1878,56,0,0,0,0,56,7,44,0,550.7257720979766,515.0892857142857,0,0,0,0,0,1253.142857142857,1857,0,1034263,28845,0,0,0,0,0,8772,81708,0,0.0
Corinto,19212,2014,4063,1936,1748,152,7,0,0,12,159,38,11,1076.400826446281,1309.0446224256293,1769.25,7339.714285714285,0,0,19847.5,4736.88679245283,6018.131578947368,50743.27272727273,2083912,2288210,268926,51378,0,0,238170,753165,228689,558176,3458.0,3315,79,0,0,0,0,5,11,48,0,1728.483257918552,2014.759493670886,0,0,0,0,66872.4,8660.181818181818,2909.7291666666665,0,5729922,159166,0,0,0,0,334362,95262,139667,0,0.94
Corinto,19212,2015,4210,2051,1776,156,7,0,0,10,159,40,11,1568.2754753778645,1763.9408783783783,2079.2884615384614,7570.571428571428,0,0,9334.4,4921.66037735849,6556.2,52044.545454545456,3216533,3132759,324369,52994,0,0,93344,782544,262248,572490,3782.0,3626,82,0,0,0,0,7,12,55,0,1937.8783783783783,2161.0853658536585,0,0,0,0,115890.42857142857,8287.666666666666,2576.818181818182,0,7026747,177209,0,0,0,0,811233,99452,141725,0,0.93
Corinto,19212,2016,4311,2153,1769,155,7,0,0,10,165,41,11,1760.6549001393405,1885.295647258338,2169.0451612903225,6926.428571428572,0,0,8530.5,4485.993939393939,6478.268292682927,53952.818181818184,3790690,3335088,336202,48485,0,0,85305,740189,265609,593481,3960.0,3806,85,0,0,0,0,7,13,49,0,1782.0853914871257,1974.3058823529411,0,0,0,0,89436.85714285714,6253.461538461538,2670.204081632653,0,6782617,167816,0,0,0,0,626058,81295,130840,0,0.95
Corinto,19212,2017,4445,2280,1772,155,7,0,0,10,170,40,11,1164.711403508772,1254.0987584650113,1567.9612903225807,7824.142857142857,0,0,8306.2,3993.1117647058823,6847.975,53805.27272727273,2655542,2222263,243034,54769,0,0,83062,678829,273919,591858,4196.0,4043,85,0,0,0,0,8,13,47,0,1661.7835765520654,1721.129411764706,0,0,0,0,97181.75,6424.307692307692,3000.1063829787236,0,6718591,146296,0,0,0,0,777454,83516,141005,0,0.95
El Tambo,19256,2012,600,446,25,0,0,0,0,15,84,17,13,958.9975903614458,1190.053811659193,1974,0,0,0,469537.5333333333,1935.6190476190477,9978.882352941177,14011.307692307691,397984,530764,49350,0,0,0,7043063,162592,169641,182147,5284.0,5051,107,1,0,0,0,39,43,42,1,1827.8881409621856,1732.2897196261683,14540,0,0,0,1885741.358974359,2653.860465116279,4506.0952380952385,0,9232663,185355,14540,0,0,0,73543913,114116,189256,0,0.0
El Tambo,19256,2013,1108,445,508,27,0,0,0,13,87,17,11,1089.2359550561798,1445.3484251968505,2115.740740740741,0,0,0,583589.7692307692,2754.689655172414,7872.294117647059,19339.090909090908,484710,734237,57125,0,0,0,7586667,239658,133829,212730,10853.0,9900,740,1,1,,,43,61,107,0,1051.179797979798,1252.4364864864865,300,3171,0,0,9717.093023255815,1803.5081967213114,2736.588785046729,0,10406680,926803,300,3171,0,0,417835,110014,292815,0,0.73
El Tambo,19256,2014,1084,474,461,24,0,0,0,12,86,16,11,829.6561181434599,1223.6399132321042,1793.2916666666667,0,0,0,626525,3719.0116279069766,8076.75,19073.090909090908,393257,564098,43039,0,0,0,7518300,319835,129228,209804,11628.0,10668,737,1,1,0,0,44,64,113,0,983.2755905511812,1171.6309362279512,948,3144,0,0,11257.113636363636,1554.703125,2669.6106194690265,0,10489584,863492,948,3144,0,0,495313,99501,301666,0,0.78
El Tambo,19256,2015,1142,504,477,22,0,0,0,13,97,18,11,994.7896825396825,1402.553459119497,1798.409090909091,0,0,0,566530.5384615385,3351.721649484536,8754.277777777777,19037.81818181818,501374,669018,39565,0,0,0,7364897,325117,157577,209416,11983.0,10997,730,1,1,0,0,54,65,135,0,1021.4193871055743,1256.4493150684932,930,2550,0,0,11581.87037037037,2385.4153846153845,2632.8888888888887,0,11232549,917208,930,2550,0,0,625421,155052,355440,0,0.837
Jambalo,19364,2013,375,193,122,33,0,0,0,1,3,11,12,889.2642487046633,1030.1639344262296,1436.2121212121212,0,0,0,15337,1647,8398.818181818182,8140.75,171628,125680,47395,0,0,0,15337,4941,92387,97689,2022.0,1921,52,0,0,0,0,0,7,42,0,621.2837064029152,575.1153846153846,0,0,0,0,0,1100.142857142857,1987.595238095238,0,1193486,29906,0,0,0,0,0,7701,83479,0,0.63
El Tambo,19256,2016,1169,519,484,22,0,0,0,12,104,17,11,1154.6666666666667,1522.4421487603306,1960.5,0,0,0,592579.8333333334,6153.086538461538,8841.235294117647,19230.636363636364,599272,736862,43131,0,0,0,7110958,639921,150301,211537,12308.0,11319,726,1,1,0,0,72,67,122,0,973.1302235179786,1187.935261707989,590,2513,0,0,9771.611111111111,3791.791044776119,3200.6178861788617,0,11014861,862441,590,2513,0,0,703556,254050,393676,0,0.837
El Tambo,19256,2017,1193,532,488,22,0,0,0,14,108,18,11,884.8872180451128,1262.1209016393443,1930.590909090909,0,0,0,66197.35714285714,7737.601851851852,9175.111111111111,27207.18181818182,470760,615915,42473,0,0,0,926763,835661,165152,299279,12662.0,11671,724,1,1,0,0,72,69,124,0,1066.5882957758547,1234.2292817679559,580,2596,0,0,9689.319444444445,2432.8260869565215,3394.0564516129034,0,12448152,893582,580,2596,0,0,697631,167865,420863,0,0.9
Florencia,19290,2012,0,0,0,0,0,0,0,0,0,0,0,0,0,0,0,0,0,0,0,0,0,0,0,0,0,0,0,0,0,0,0,0.0,0,0,0,0,0,0,,0,0,0,0,0,0,0,0,0,0,,0,0,0,0,0,0,0,0,0,0,0,0,0.0
Florencia,19290,2013,0,0,0,0,0,0,0,0,0,0,0,0,0,0,0,0,0,0,0,0,0,0,0,0,0,0,0,0,0,0,0,0.0,0,0,0,0,0,0,0,0,0,0,0,0,0,0,0,0,0,0,0,0,0,0,0,0,0,0,0,0,0,0,0.93
Florencia,19290,2014,0,0,0,0,0,0,0,0,0,0,0,0,0,0,0,0,0,0,0,0,0,0,0,0,0,0,0,0,0,0,0,0.0,0,0,0,0,0,0,0,0,0,0,0,0,0,0,0,0,0,0,0,0,0,0,0,0,0,0,0,0,0,0,95%%
Florencia,19290,2015,0,0,0,0,0,0,0,0,0,0,0,0,0,0,0,0,0,0,0,0,0,0,0,0,0,0,0,0,0,0,0,0.0,0,0,0,0,0,0,0,0,0,0,0,0,0,0,0,0,0,0,0,0,0,0,0,0,0,0,0,0,0,0,0.96
Florencia,19290,2016,0,0,0,0,0,0,0,0,0,0,0,0,0,0,0,0,0,0,0,0,0,0,0,0,0,0,0,0,0,0,0,0.0,0,0,0,0,0,0,0,0,0,0,0,0,0,0,0,0,0,0,0,0,0,0,0,0,0,0,0,0,0,0,0.974
Florencia,19290,2017,0,0,0,0,0,0,0,0,0,0,0,0,0,0,0,0,0,0,0,0,0,0,0,0,0,0,0,0,0,0,0,0.0,0,0,0,0,0,0,0,0,0,0,0,0,0,0,0,0,0,0,0,0,0,0,0,0,0,0,0,0,0,0,0.99
Guachene,19300,2012,0,395,917,1,0,0,0,6,24,11,19,1442.572151898734,1788.1897491821155,1961,0,0,0,95020.5,5632.166666666667,5643.272727272727,25241.263157894737,569816,1639770,1961,0,0,0,570123,135172,62076,479584,v,3067,226,2,0,0,0,15,12,21,0,1575.887512226932,2129.048672566372,19261.5,0,0,0,3137787.933333333,2656.8333333333335,3456.6666666666665,0,4833247,481165,38523,0,0,0,47066819,31882,72590,0,0.0
Guachene,19300,2013,1373,395,917,1,0,0,0,6,24,11,19,1442.572151898734,1788.1897491821155,1961,0,0,0,95020.5,5632.166666666667,5643.272727272727,25241.263157894737,569816,1639770,1961,0,0,0,570123,135172,62076,479584,3343.0,3067,226,2,0,0,0,15,12,21,0,1575.887512226932,2129.048672566372,19261.5,0,0,0,3137787.933333333,2656.8333333333335,3456.6666666666665,0,4833247,481165,38523,0,0,0,47066819,31882,72590,0,0.98
Guachene,19300,2014,1371,382,925,1,0,0,0,8,24,12,19,1379.130890052356,1569.291891891892,1119,0,0,0,734839.75,5138.791666666667,8863,27490.052631578947,526828,1451595,1119,0,0,0,5878718,123331,106356,522311,3332.0,3066,215,2,0,0,0,13,14,22,0,1620.6441617742987,2275.3302325581394,14048.5,0,0,0,3442995.769230769,2287.3571428571427,3134.2727272727275,0,4968895,489196,28097,0,0,0,44758945,32023,68954,0,0.98
Guachene,19300,2015,1431,416,944,2,0,0,0,8,27,15,19,1741.0721153846155,1881.260593220339,1937,0,0,0,910613.875,5975.962962962963,10433.6,27113.21052631579,724286,1775910,3874,0,0,0,7284911,161351,156504,515151,3364.0,3104,207,2,0,0,0,14,15,22,0,1833.1423969072166,2403.4251207729467,18482,0,0,0,3216479.1428571427,2472.6666666666665,3584.7727272727275,0,5690074,497509,36964,0,0,0,45030708,37090,78865,0,0.99
Guachene,19300,2016,1484,436,975,2,0,0,0,10,28,14,19,1725.665137614679,1859.6276923076923,2023.5,0,0,0,864314.8,6012,11391.214285714286,27062.947368421053,752390,1813137,4047,0,0,0,8643148,168336,159477,514196,3314.0,3059,203,2,0,0,0,15,14,21,0,1858.0372670807453,2268.093596059113,10407.5,0,0,0,2845727.933333333,1966.4285714285713,4266.476190476191,0,5683736,460423,20815,0,0,0,42685919,27530,89596,0,0.992
Guachene,19300,2017,1837,733,1026,2,0,0,0,10,32,15,19,1292.532060027285,1652.5964912280701,1376.5,0,0,0,511698.1,5839.15625,12084.133333333333,52818.26315789474,947426,1695564,2753,0,0,0,5116981,186853,181262,1003547,3498.0,3243,204,0,0,0,0,16,15,20,0,1593.1523280912736,2095.5343137254904,0,0,0,0,112426.25,1174,4620,0,5166593,427489,0,0,0,0,1798820,17610,92400,0,0.995
Guapi,19318,2012,0,0,0,0,0,0,0,0,0,0,0,0,0,0,0,0,0,0,0,0,0,0,0,0,0,0,0,0,0,0,0,0.0,0,0,0,0,0,0,0,0,0,0,0,0,0,0,0,0,0,0,0,0,0,0,0,0,0,0,0,0,0,0,0.0
Inza,19355,2013,537,130,291,4,0,0,0,3,67,14,28,1072.5923076923077,1234.3264604810997,3022.25,0,0,0,4702.666666666667,4293.731343283582,2282.5,16772.214285714286,139437,359189,12089,0,0,0,14108,287680,31955,469622,5880.0,5554,193,0,0,0,0,6,30,97,0,575.4742527907814,748.3160621761658,0,0,0,0,10922.166666666666,1380.0333333333333,2313.6494845360826,0,3196184,144425,0,0,0,0,65533,41401,224424,0,0.76
Inza,19355,2014,448,135,198,3,0,0,0,3,67,14,28,997.4296296296296,1203.711409395973,3072,0,0,0,4374,4254.328358208955,2766.9285714285716,16548.035714285714,134653,358706,9216,0,0,0,13122,285040,38737,463345,6190.0,5859,195,0,0,0,0,7,30,99,0,642.4275473630312,835.4512820512821,0,0,0,0,11428,1244.1,1859.3333333333333,0,3763983,162913,0,0,0,0,79996,37323,184074,0,0.773
Inza,19355,2015,562,138,307,3,0,0,0,3,69,14,28,1023.7101449275362,1275.6742671009772,2510.6666666666665,0,0,0,4812.333333333333,3768.5942028985505,3552.5,16519.64285714286,141272,391632,7532,0,0,0,14437,260033,49735,462550,6281.0,5937,195,0,0,0,0,7,31,111,0,671.7190500252652,851.5794871794872,0,0,0,0,11242.42857142857,1089.4193548387098,1741.4774774774776,0,3987996,166058,0,0,0,0,78697,33772,193304,0,0.81
Inza,19355,2016,579,140,315,5,0,0,0,3,74,14,28,1237.1214285714286,1445.1238095238095,1561,0,0,0,4187,2397,3475.214285714286,15207.214285714286,173197,455214,4683,0,0,0,12561,177378,48653,425802,6338.0,6006,195,0,0,0,0,7,32,98,0,936.080586080586,1137.7282051282052,0,0,0,0,10895.714285714286,942.28125,1823.8469387755101,0,5622100,221857,0,0,0,0,76270,30153,178737,0,0.81
Inza,19355,2017,586,144,318,3,0,0,0,3,74,16,28,912.8055555555555,1150.1352201257862,1605,0,0,0,4953.666666666667,1931.6891891891892,3928.0625,12432.857142857143,131444,365743,4815,0,0,0,14861,142945,62849,348120,6861.0,6523,195,0,0,0,0,7,34,102,0,720.992334815269,921.2923076923076,0,0,0,0,6904,1038.2941176470588,1750.9803921568628,0,4703033,179652,0,0,0,0,48328,35302,178600,0,0.81
Jambalo,19364,2014,340,193,120,1,0,0,0,3,11,12,0,766.1709844559585,933.3666666666667,800,0,0,0,0,502.6666666666667,4032.181818181818,7937.666666666667,147871,112004,800,0,0,0,0,1508,44354,95252,2192.0,2091,50,0,0,0,0,0,8,43,0,587.7651841224294,561.66,0,0,0,0,0,923.125,1776.7441860465117,0,1229017,28083,0,0,0,0,0,7385,76400,0,0.66
Jambalo,19364,2015,351,201,122,1,0,0,0,0,4,11,12,767.955223880597,922.3934426229508,612,0,0,0,0,863.5,5095.181818181818,6896.416666666667,154359,112532,612,0,0,0,0,3454,56047,82757,2303.0,2194,50,0,0,0,0,0,10,49,0,529.5742935278031,498.4,0,0,0,0,0,842.3,1526.938775510204,0,1161886,24920,0,0,0,0,0,8423,74820,0,0.66
Jambalo,19364,2016,358,208,121,1,0,0,0,0,4,12,12,801.5576923076923,994.1900826446281,1357,0,0,0,0,634,4951.916666666667,6966.333333333333,166724,120297,1357,0,0,0,0,2536,59423,83596,2305.0,2202,50,0,0,0,0,0,10,43,0,477.23478655767485,470.04,0,0,0,0,0,841.4,1889.5581395348838,0,1050871,23502,0,0,0,0,0,8414,81251,0,0.66
Jambalo,19364,2017,363,212,121,1,0,0,0,0,4,13,12,836.5188679245283,963.099173553719,1167,0,0,0,0,753.25,3565.5384615384614,6947.25,177342,116535,1167,0,0,0,0,3013,46352,83367,2439.0,2336,50,0,0,0,0,0,10,43,0,600.9233732876712,636.38,0,0,0,0,0,898.4,1810.6976744186047,0,1403757,31819,0,0,0,0,0,8984,77860,0,0.66
La Sierra,19392,2012,50,11,0,1,0,0,0,1,23,11,3,984.1170960187353,1100.5454545454545,0,1859,0,0,21837,4580.130434782609,7166.545454545455,24040.333333333332,420218,12106,0,1859,0,0,21837,105343,78832,72121,2489.0,2301,111,0,0,0,0,15,17,45,0,702.9821816601477,830.009009009009,0,0,0,0,3657.733333333333,4209.117647058823,987.1555555555556,0,1617562,92131,0,0,0,0,54866,71555,44422,0,0.0
La Sierra,19392,2013,625,573,11,1,2,0,0,1,23,11,3,889.4415357766143,1326.1818181818182,828,2070.5,0,0,31928,4764,5869.090909090909,28231,509650,14588,828,4141,0,0,31928,109572,64560,84693,2658.0,2463,111,0,0,0,0,18,20,46,0,801.3727161997564,976.8648648648649,0,0,0,0,6029.5,4793.1,908.4130434782609,0,1973781,108432,0,0,0,0,108531,95862,41787,0,0.82
La Sierra,19392,2014,607,554,11,0,1,0,0,1,26,11,3,719.0072202166065,1032.7272727272727,0,1683,0,0,31573,4306.038461538462,5730.363636363636,27844.333333333332,398330,11360,0,1683,0,0,31573,111957,63034,83533,2761.0,2565,109,0,0,0,0,19,22,46,0,645.2187134502924,778.5045871559633,0,0,0,0,6657.315789473684,4666.136363636364,737.6521739130435,0,1654986,84857,0,0,0,0,126489,102655,33932,0,0.83
La Sierra,19392,2015,624,557,23,1,0,0,0,1,28,11,3,727.1741472172351,1246.391304347826,0,1488,0,0,39923,4584.25,5241.909090909091,27793.333333333332,405036,28667,0,1488,0,0,39923,128359,57661,83380,2819.0,2623,107,0,0,0,0,18,25,46,0,658.0072436141822,796.2523364485982,0,0,0,0,5006.388888888889,4269.16,796.8913043478261,0,1725953,85199,0,0,0,0,90115,106729,36657,0,0.86
La Sierra,19392,2016,642,516,81,0,1,0,0,1,29,11,3,656.1414728682171,1201.0246913580247,0,1693,0,0,43506,5226.275862068966,5114,28074.666666666668,338569,97283,0,1693,0,0,43506,151562,56254,84224,2817.0,2626,105,0,0,0,0,17,24,45,0,581.0776846915461,754.847619047619,0,0,0,0,9111.941176470587,3850.5,733.2444444444444,0,1525910,79259,0,0,0,0,154903,92412,32996,0,0.865
La Sierra,19392,2017,663,532,82,0,1,0,0,1,33,11,3,659.6372180451128,1166.939024390244,0,1200,0,0,51035,4951.090909090909,5350.636363636364,31002.333333333332,350927,95689,0,1200,0,0,51035,163386,58857,93007,2841.0,2654,102,0,0,0,0,17,23,45,0,716.1356443104747,871.2843137254902,0,0,0,0,4874.823529411765,3179.521739130435,744.6666666666666,0,1900624,88871,0,0,0,0,82872,73129,33510,0,0.87
La Vega,19397,2012,444,350,43,0,0,0,0,6,18,11,16,1700.5885714285714,817.5348837209302,0,0,0,0,5945.5,3506.8333333333335,7544.545454545455,18127,595206,35154,0,0,0,0,35673,63123,82990,290032,5367.0,5138,110,0,0,0,0,8,7,104,0,351.07279096924873,391.8090909090909,0,0,0,0,2935.375,500.2307692307692,1057.7115384615386,0,1803812,43099,0,0,0,0,23483,6503,110002,0,0.0
La Vega,19397,2013,449,358,43,0,0,0,0,5,18,11,14,1095.5279329608938,894.3720930232558,0,0,0,0,7303.2,4039.3333333333335,5285.636363636364,23460.071428571428,392199,38458,0,0,0,0,36516,72708,58142,328441,5561.0,5319,110,0,0,0,0,7,15,110,0,531.5965407031397,624.5363636363636,0,0,0,0,1953.42857142857,493.46666666666664,1251.509090909091,0,2827562,68699,0,0,0,0,13674,7402,137666,0,0.82
La Vega,19397,2014,456,364,43,0,0,0,0,5,19,11,14,913.7527472527472,803.2790697674419,0,0,0,0,6574.4,3556.7368421052633,5284.181818181818,23139.285714285714,332606,34541,0,0,0,0,32872,67578,58126,323950,5811.0,5580,110,0,0,0,0,7,15,99,0,553.3532258064516,617.7454545454545,0,0,0,0,2221.1428571428573,461.93333333333334,1048.949494949495,0,3087711,67952,0,0,0,0,15548,6929,103846,0,0.84
La Vega,19397,2015,463,370,43,0,0,0,0,5,19,12,14,1024.164864864865,984.5813953488372,0,0,0,0,6592.4,3562.5263157894738,5458.166666666667,23096.64285714286,378941,42337,0,0,0,0,32962,67688,65498,323353,5996.0,5766,107,0,0,0,0,8,16,99,0,620.6555671175859,683.4766355140187,0,0,0,0,2403.375,378.8125,1062.8484848484848,0,3578700,73132,0,0,0,0,19227,6061,105222,0,0.86
La Vega,19397,2016,468,376,44,0,0,0,0,3,18,13,14,1111.401595744681,1023.0909090909091,0,0,0,0,6545.6,4189.444444444444,5820.461538461538,23330.714285714286,417887,45016,0,0,0,0,32728,75410,75666,326630,6080.0,5853,106,0,0,0,0,6,16,99,0,609.2282590124722,680.9811320754717,0,0,0,0,3634.5,400.3125,1038.8484848484848,0,3565813,72184,0,0,0,0,21807,6405,102846,0,0.88
La Vega,19397,2017,474,381,44,0,0,0,0,4,18,13,14,919.7007874015748,869.3409090909091,0,0,0,0,9222,4121.222222222223,5776.307692307692,20758.14285714286,350406,38251,0,0,0,0,36888,74182,75092,290614,6172.0,5946,106,0,0,0,0,7,19,94,0,682.6945845946855,741.9716981132076,0,0,0,0,2866.5714285714284,372.5263157894737,981.5425531914893,0,4059302,78649,0,0,0,0,20066,7078,92265,0,0.89
Lopez de Micay,19418,2012,0,0,0,0,0,0,0,0,0,0,0,0,0,0,0,0,0,0,0,0,0,0,0,0,0,0,0,0,0,0,0,0.0,0,0,0,0,0,0,0,0,0,0,0,0,0,0,0,0,0,0,0,0,0,0,0,0,0,0,0,0,0,0,0.0
Lopez de Micay,19418,2013,0,0,0,0,0,0,0,0,0,0,0,0,0,0,0,0,0,0,0,0,0,0,0,0,0,0,0,0,0,0,0,0.0,0,0,0,0,0,0,0,0,0,0,0,0,0,0,0,0,0,0,0,0,0,0,0,0,0,0,0,0,0,0,0.0
Lopez de Micay,19418,2014,0,0,0,0,0,0,0,0,0,0,0,0,0,0,0,0,0,0,0,0,0,0,0,0,0,0,0,0,0,0,0,0.0,0,0,0,0,0,0,0,0,0,0,0,0,0,0,0,0,0,0,0,0,0,0,0,0,0,0,0,0,0,0,0.0
Lopez de Micay,19418,2015,0,0,0,0,0,0,0,0,0,0,0,0,0,0,0,0,0,0,0,0,0,0,0,0,0,0,0,0,0,0,0,0.0,0,0,0,0,0,0,0,0,0,0,0,0,0,0,0,0,0,0,0,0,0,0,0,0,0,0,0,0,0,0,0.0
Lopez de Micay,19418,2016,0,0,0,0,0,0,0,0,0,0,0,0,0,0,0,0,0,0,0,0,0,0,0,0,0,0,0,0,0,0,0,0.0,0,0,0,0,0,0,0,0,0,0,0,0,0,0,0,0,0,0,0,0,0,0,0,0,0,0,0,0,0,0,0.0
Lopez de Micay,19418,2017,0,0,0,0,0,0,0,0,0,0,0,0,0,0,0,0,0,0,0,0,0,0,0,0,0,0,0,0,0,0,0,0.0,0,0,0,0,0,0,0,0,0,0,0,0,0,0,0,0,0,0,0,0,0,0,0,0,0,0,0,0,0,0,0.0
Mercaderes,19450,2012,1732,1391,227,2,1,0,0,11,68,25,7,904.8756290438533,1052.9779735682819,1510.5,988,0,0,5755.727272727273,2773.926470588235,8406.28,28823.714285714286,1258682,239026,3021,988,0,0,63313,188627,210157,201766,2391.0,2214,123,0,0,0,0,7,12,35,0,680.5031616982836,836.6260162601626,0,0,0,0,268.57142857142856,9429.25,1150.3142857142857,0,1506634,102905,0,0,0,0,1880,113151,40261,0,0.0
Mercaderes,19450,2013,1822,1440,245,2,1,0,0,12,87,29,6,1164.8951388888888,1288.0857142857142,653,592,0,0,6030.083333333333,2324.5632183908046,7314.206896551724,46750,1677449,315581,1306,592,0,0,72361,202237,212112,280500,2443.0,2257,123,0,0,0,0,8,14,41,0,923.0256978289765,1140.60162601626,0,0,0,0,181.5,9007.642857142857,1356.560975609756,0,2083269,140294,0,0,0,0,1452,126107,55619,0,0.84
Mercaderes,19450,2014,1756,1392,228,0,0,0,0,13,89,28,6,989.5244252873563,1234.8201754385964,0,0,0,0,5987.2307692307695,2561.3370786516853,6772.571428571428,46107.666666666664,1377418,281539,0,0,0,0,77834,227959,189632,276646,2509.0,2330,122,0,0,0,0,5,15,37,0,1077.084120171674,1329.8360655737704,0,0,0,0,154.8,2780.6666666666665,1140.2972972972973,0,2509606,162240,0,0,0,0,774,41710,42191,0,0.86
Mercaderes,19450,2015,1817,1435,234,5,1,1,1,14,91,29,6,1171.618118466899,1383.982905982906,848.2,84,133,701,6653.571428571428,2600.1428571428573,7117.448275862069,41964.333333333336,1681272,323852,4241,84,133,701,93150,236613,206406,251786,2585.0,2358,138,16,9,1,4,6,15,38,0,1145.4770992366412,1280.8333333333333,473.125,336,176,210.5,122.66666666666667,2960.133333333333,1306.8157894736842,0,2701035,176755,7570,3024,176,842,736,44402,49659,0,0.87
Mercaderes,19450,2016,1870,1483,241,4,0,0,1,13,92,30,6,1246.087660148348,1407.319502074689,1631.25,0,0,999,7808.2307692307695,2706.9565217391305,7323.133333333333,41048,1847948,339164,6525,0,0,999,101507,249040,219694,246288,2664.0,2417,160,13,9,0,3,6,16,40,0,1119.0401323955316,1238.76875,1211.2307692307693,872.6666666666666,0,418.3333333333333,235.5,4839.1875,1498.7,0,2704720,198203,15746,7854,0,1255,1413,77427,59948,0,0.888
Mercaderes,19450,2017,1925,1530,250,2,,,1,13,92,31,6,961.464705882353,1135.152,900.5,0,0,1075,9946.153846153846,2511.4239130434785,6553.677419354839,40922.333333333336,1471041,283788,1801,0,0,1075,129300,231051,203164,245534,2943.0,2697,158,10,9,0,3,6,17,43,0,1249.0348535409714,1364.113924050633,1273.2,826.8888888888889,0,505,212.33333333333334,3187.1176470588234,1280.88372093023,0,3368647,215530,12732,7442,0,1515,1274,54181,55078,0,0.89
Miranda,19455,2012,4846,2063,2361,173,0,0,0,18,174,30,27,1117.9767329132333,1308.411266412537,1213.086705202312,0,0,0,179484.33333333334,4144.954022988506,7763.433333333333,57757.92592592593,2306386,3089159,209864,0,0,0,3230718,721222,232903,1559464,2440.0,2158,212,2,0,0,0,1,28,39,0,866.2131603336422,1455.188679245283,1443.5,0,0,0,45119,2713.3214285714284,4431.846153846154,0,1869288,308500,2887,0,0,0,45119,75973,172842,0,0.0
Miranda,19455,2013,4993,2199,2387,151,0,0,0,16,182,32,26,1085.7007730786722,1370.5538332635108,1317.6622516556292,0,0,0,135204.0625,4063.032967032967,10126.5,63177.61538461538,2387456,3271512,198967,0,0,0,2163265,739472,324048,1642618,2496.0,2217,207,1,0,0,0,2,29,40,0,809.5502931889941,1470.6666666666667,3207,0,0,0,694257,3124.8275862068967,5372.275,0,1794773,304428,3207,0,0,0,1388514,90620,214891,0,0.96
Miranda,19455,2014,5239,2424,2422,140,0,0,0,13,183,31,26,1072.2211221122113,1327.4843104872007,1476.9714285714285,0,0,0,165634.76923076922,3544.273224043716,11040.41935483871,62311.192307692305,2599064,3215167,206776,0,0,0,2153252,648602,342253,1620091,2616.0,2331,210,1,0,0,0,4,30,40,0,1109.973830973831,1817.0285714285715,3719,0,0,0,347006.75,7395.766666666666,7717.225,0,2587349,381576,3719,0,0,0,1388027,221873,308689,0,0.98
Miranda,19455,2015,5452,2549,2519,130,0,0,0,11,184,33,26,1107.3542565712044,1320.4005557761016,1698.5615384615385,0,0,0,214067.0909090909,2998.6684782608695,11032.969696969696,73448.76923076923,2822646,3326089,220813,0,0,0,2354738,551755,364088,1909668,2689.0,2394,215,1,0,0,0,4,34,41,0,1026.8659147869673,1883.6,2114,0,0,0,512844,12523.911764705883,9992.09756097561,0,2458317,404974,2114,0,0,0,2051376,425813,409676,0,0.98
Padilla,19513,2013,1235,785,378,2,0,0,0,6,38,14,12,1133.124840764331,1296.8068783068784,2057.5,0,0,0,40740.666666666664,3391,7719.642857142857,43590.583333333336,889503,490193,4115,0,0,0,244444,128858,108075,523087,1358.0,1273,46,0,0,0,0,5,10,24,0,1170.4540455616655,1716.2391304347825,0,0,0,0,54449,3396.7,2481.7083333333335,0,1489988,78947,0,0,0,0,272245,33967,59561,0,0.95
Miranda,19455,2016,5662,2716,2564,125,0,0,0,11,186,34,26,1091.3427835051546,1317.4087363494539,1749.184,0,0,0,238076.18181818182,2072.2634408602153,9547.70588235294,76746.57692307692,2964087,3377836,218648,0,0,0,2618838,385441,324622,1995411,2732.0,2441,214,1,0,0,0,4,33,39,0,908.3613273248668,1821.1261682242991,1735,0,0,0,589888,18136.151515151516,10316.74358974359,0,2217310,389721,1735,0,0,0,2359552,598493,402353,0,0.99
Miranda,19455,2017,5865,2882,2598,119,0,0,0,11,193,36,26,1066.0253296321998,1268.816012317167,1609.90756302521,0,0,0,324452.8181818182,2175.704663212435,10145.361111111111,60014.269230769234,3072285,3296384,191579,0,0,0,3568981,419911,365233,1560371,2982.0,2691,214,1,0,0,0,4,33,39,0,850.3589743589744,1745.03738317757,2059,0,0,0,559261.75,18060.696969696968,7454.461538461538,0,2288316,373438,2059,0,0,0,2237047,596003,290724,0,0.993
Morales ,19473,2012,676,247,323,26,1,0,0,10,42,11,16,903.2024291497976,1257.5882352941176,2567.423076923077,1750,0,0,10045.3,1917.3095238095239,8790.363636363636,15383.875,223091,406201,66753,1750,0,0,100453,80527,96694,246142,4888.0,4452,345,1,0,0,0,4,31,55,0,606.2836927223719,689.5333333333333,1452,0,0,0,3489,537.8387096774194,1868.8909090909092,0,2699175,237889,1452,0,0,0,13956,16673,102789,0,0.0
Morales ,19473,2013,717,272,342,27,1,0,0,10,41,11,13,947.25,1371.5584795321638,2396.740740740741,1274,0,0,10804.9,2273.682926829268,9126.636363636364,21943.615384615383,257652,469073,64712,1274,0,0,108049,93221,100393,285267,5333.0,4883,348,1,0,0,0,5,40,56,0,615.8726192914193,811.2959770114943,1678,0,0,0,2165.8,625.425,2296.4821428571427,0,3007306,282331,1678,0,0,0,10829,25017,128603,0,0.8
Padilla,19513,2014,1260,807,379,2,0,0,0,6,40,14,12,1109.7819083023544,1231.0501319261214,1418,0,0,0,37407.5,3952.625,7783.571428571428,31017.916666666668,895594,466568,2836,0,0,0,224445,158105,108970,372215,1428.0,1342,47,0,0,0,0,5,12,22,0,1262.854694485842,2175.851063829787,0,0,0,0,51388.4,2456.3333333333335,2720.3636363636365,0,1694751,102265,0,0,0,0,256942,29476,59848,0,0.97
Morales ,19473,2014,739,291,347,25,1,0,0,10,40,12,13,875.1855670103092,1404.6224783861671,2521.4,1348,0,0,12612.4,2431.3,8089.166666666667,21679.384615384617,254679,487404,63035,1348,0,0,126124,97252,97070,281832,5560.0,5103,350,1,0,0,0,6,41,59,0,639.5878894767784,838.8542857142858,1502,0,0,0,1894.3333333333333,364.9268292682927,1974.6949152542372,0,3263817,293599,1502,0,0,0,11366,14962,116507,0,0.85
Morales ,19473,2015,782,314,363,22,1,0,0,10,44,15,13,874.4044585987261,1387.4022038567493,2779.4545454545455,940,0,0,13531.4,2319.75,7077.066666666667,21674.384615384617,274563,503627,61148,940,0,0,135314,102069,106156,281767,6008.0,5539,349,1,1,0,0,6,49,63,0,580.3841848709153,818.9598853868195,2214,1,0,0,2250.3333333333335,441.46938775510205,1647.3650793650793,0,3214748,285817,2214,1,0,0,13502,21632,103784,0,0.88
Morales ,19473,2016,808,326,373,20,1,0,0,10,45,20,13,891.920245398773,1399.7292225201072,2586.9,2393,0,0,13028.2,2136.6444444444446,5423.55,21913.76923076923,290766,522099,51738,2393,0,0,130282,96149,108471,284879,6297.0,5827,350,1,1,0,0,6,46,66,0,558.8328470911275,767.3828571428571,953,0,0,0,2831.6666666666665,504.9347826086956,1504.2424242424242,0,3256319,268584,953,0,0,0,16990,23227,99280,0,0.9
Morales ,19473,2017,850,346,385,18,1,0,0,10,57,20,13,859.864161849711,1442.7116883116882,2570.1666666666665,4372,0,0,12464.3,1783,5485.6,14306.615384615385,297513,555444,46263,4372,0,0,124643,101631,109712,185986,6521.0,6043,353,1,1,0,0,6,41,76,0,714.9407579017045,940.9065155807366,2552,0,0,0,2410.5,581.3658536585366,1458.25,0,4320387,332140,2552,0,0,0,14463,23836,110827,0,0.93
Padilla,19513,2012,1210,768,376,2,0,0,0,6,32,14,12,1185.26953125,1259.2898936170213,2355.5,0,0,0,41106.666666666664,3277.40625,6933.142857142857,35066,910287,473493,4711,0,0,0,246640,104877,97064,420792,1420.0,1330,53,0,0,0,0,4,9,24,0,1180.3954887218044,1398.1698113207547,0,0,0,0,33592.5,4705.111111111111,2354.8333333333335,0,1569926,74103,0,0,0,0,134370,42346,56516,0,0.0
Padilla,19513,2015,1298,840,382,2,0,0,0,6,41,15,12,1106.9511904761905,1250.0183246073298,1324,0,0,0,64607.666666666664,4399.1463414634145,9032,27020.666666666668,929839,477507,2648,0,0,0,387646,180365,135480,324248,1361.0,1280,43,0,0,0,0,5,12,21,0,1427.75,2292.046511627907,0,0,0,0,80117,3014.25,2579.3809523809523,0,1827520,98558,0,0,0,0,400585,36171,54167,0,0.98
Padilla,19513,2016,1320,858,386,2,0,0,0,6,41,15,12,1101.1433566433566,1275.9637305699482,1599.5,0,0,0,67491.16666666667,4288.073170731707,7775.4,26938.25,944781,492522,3199,0,0,0,404947,175811,116631,323259,1258.0,1184,38,0,0,0,0,5,11,20,0,1379.6824324324325,2429.9210526315787,0,0,0,0,91377.8,2806.090909090909,2688.15,0,1633544,92337,0,0,0,0,456889,30867,53763,0,0.99
Padilla,19513,2017,1338,872,390,2,0,0,0,6,41,15,12,1072.8176605504586,1223.7384615384615,2336,0,0,0,23999.333333333332,4092.243902439024,6508.8,25704.083333333332,935497,477258,4672,0,0,0,143996,167782,97632,308449,1263.0,1188,38,0,0,0,0,8,9,20,0,1305.2340067340067,2085.7894736842104,0,0,0,0,41059.375,2789.4444444444443,2339.85,0,1550618,79260,0,0,0,0,328475,25105,46797,0,0.993
Paez,19517,2012,1683,712,785,37,0,0,0,14,82,28,25,604.0337078651686,649.1898089171974,1161.7297297297298,0,0,0,3941.1428571428573,5345.414634146341,3954.4285714285716,12294.08,430072,509614,42984,0,0,0,55176,438324,110724,307352,4689.0,4149,362,8,6,0,2,11,43,108,0,438.4473367076404,249.05524861878453,365.25,452.3333333333333,0,433.5,7309.909090909091,602.3255813953489,1210.8703703703704,0,1819118,90158,2922,2714,0,867,80409,25900,130774,0,0.0
Paez,19517,2013,1454,648,624,37,0,0,0,15,88,23,19,735.7438271604939,870.9407051282051,1132.081081081081,0,0,0,114764.4,5168.102272727273,4573.434782608696,25001,476762,543467,41887,0,0,0,1721466,454793,105189,475019,4940.0,4570,207,4,3,0,1,9,41,105,0,455.93326039387307,428.8985507246377,662,992.3333333333334,0,941,9337.666666666666,802.560975609756,1578.5619047619048,0,2083615,88782,2648,2977,0,941,84039,32905,165749,0,0.71
Paez,19517,2014,1452,643,631,33,0,0,0,13,90,23,19,751.4354587869362,863.6244057052298,1187.878787878788,0,0,0,2857.3076923076924,4688.144444444444,4115,24950.947368421053,483173,544947,39200,0,0,0,37145,421933,94645,474068,5376.0,5016,195,4,3,0,1,9,43,105,0,537.0881180223286,440.45641025641027,607.5,642.6666666666666,0,756,14871.555555555555,721.9302325581396,1395.6095238095238,0,2694034,85889,2430,1928,0,756,133844,31043,146539,0,0.733
Paez,19517,2015,1484,657,657,33,0,0,0,13,79,26,19,798.7808219178082,928.6590563165905,1147.7272727272727,0,0,0,2415.846153846154,5169.455696202532,3838.076923076923,25319.736842105263,524799,610129,37875,0,0,0,31406,408387,99790,481075,5647.0,5292,174,4,3,0,1,12,45,116,0,560.9202569916856,420.14942528735634,990.75,781.6666666666666,0,578,16083.916666666666,1103.8,1574.3362068965516,0,2968390,73106,3963,2345,0,578,193007,49671,182623,0,0.74
Paez,19517,2016,1524,666,684,32,0,0,0,13,84,25,20,996.7582582582583,1083.7880116959063,1350.84375,0,0,0,1883,4750.714285714285,4028.52,23998.3,663841,741311,43227,0,0,0,24479,399060,100713,479966,5962.0,5624,172,4,2,0,1,10,45,104,0,782.0812588904694,488.95348837209303,1208.25,1180.5,0,1201,11625.6,1378.7777777777778,2166.8076923076924,0,4398425,84100,4833,2361,0,1201,116256,62045,225348,0,0.75
Paez,19517,2017,1594,726,684,31,0,0,0,13,94,27,19,810.8457300275483,904.2573099415205,1150.6129032258063,0,0,0,2304.4615384615386,3054.340425531915,4038.814814814815,25538.263157894737,588674,618512,35669,0,0,0,29958,287108,109048,485227,6565.0,6229,168,4,2,0,1,10,45,106,0,615.7513244501525,453.48809523809524,1097.5,1048,0,1117,7850,1180.5111111111112,3720.254716981132,0,3835515,76186,4390,2096,0,1117,78500,53123,394347,0,0.76
Piamonte,19533,2016,860,815,0,0,0,0,0,2,29,14,0,501.03926380368097,0,0,0,0,0,112.5,1975.1724137931035,4181.571428571428,0,408347,0,0,0,0,0,225,57280,58542,0,293.0,278,0,0,0,0,0,0,4,11,0,348.1151079136691,0,0,0,0,0,0,3038,402.90909090909093,0,96776,0,0,0,0,0,0,12152,4432,0,0.52
Patia (El Bordo),19532,2012,3858,1546,1745,104,1,0,0,44,362,37,19,1205.3971539456663,1396.4865329512893,1859.0192307692307,3086,0,0,4370.159090909091,3139.596685082873,12666.621621621622,36717.52631578947,1863544,2436869,193338,3086,0,0,192287,1136534,468665,697633,4334.0,3475,730,8,1,0,0,20,78,22,0,744.9919424460431,1160.6890410958904,1395.875,480,0,0,8540.25,2765.6923076923076,3850.6463414634145,0,2588847,847303,11167,480,0,0,170805,215724,315753,0,0.0
Patia (El Bordo),19532,2013,3878,1528,1769,106,1,0,0,44,374,37,19,972.9280104712042,1393.6546071226683,1863.9811320754718,3247,0,0,3229.340909090909,3129.780748663102,11154.864864864865,42805.05263157895,1486634,2465375,197582,3247,0,0,142091,1170538,412730,813296,4442.0,3525,722,8,1,0,0,19,83,84,0,1207.6252482269504,1454.2576177285318,1383.125,2066,0,0,14533.842105263158,2882.3493975903616,5774.4047619047615,0,4256879,1049974,11065,2066,0,0,276143,239235,485050,0,0.9
Patia (El Bordo),19532,2014,3972,1597,1790,106,1,0,0,44,378,37,19,955.6217908578585,1378.2659217877094,1626.2264150943397,4024,0,0,3128.1363636363635,3166.153439153439,12763.675675675675,42217.31578947369,1526128,2467096,172380,4024,0,0,137638,1196806,472256,802129,4593.0,3675,720,8,1,0,0,20,85,84,0,1438.9303401360544,1618.825,1492.375,2184,0,0,14336.75,3576.3411764705884,6100,0,5288069,1165554,11939,2184,0,0,286735,303989,512400,0,0.924
Patia (El Bordo),19532,2015,4062,1669,1809,105,1,0,0,45,378,36,19,1001.5674056321151,1407.4389165284688,1656.2571428571428,4580,0,0,3237.4222222222224,3309.39417989418,12888.583333333334,41882.26315789474,1671616,2546057,173907,4580,0,0,145684,1250951,463989,795763,4660.0,3761,706,7,1,0,0,22,79,84,0,1425.46636532837,1631.3186968838527,1671.4285714285713,2184,0,0,13493.59090909091,4346.392405063291,6746.690476190476,0,5361179,1151711,11700,2184,0,0,296859,343365,566722,0,0.924
Piamonte,19548,2017,906,862,0,0,0,0,0,2,24,17,1,878.5359628770302,0,0,0,0,0,11.5,4338.291666666667,7308.35294117647,0,757298,0,0,0,0,,23,104119,124242,0,331.0,315,0,0,0,0,0,0,4,12,0,623.631746031746,0,0,0,0,0,0,4284,438.75,0,196444,0,0,0,0,0,,17136,5265,0,0.52
Patia (El Bordo),19532,2016,4192,1762,1835,107,1,0,0,46,387,36,18,1002.21623155505,1401.9384196185285,1600,3960,0,0,3226.5,3421.139534883721,11678.583333333334,43698.166666666664,1765905,2572557,171200,3960,0,0,148419,1323981,420429,786567,4643.0,3772,686,6,1,0,0,24,71,83,0,1627.7948038176035,1672.5845481049562,1567.3333333333333,386,0,0,12530.708333333334,4549.225352112676,6789.734939759036,0,6140042,1147393,9404,386,0,0,300737,322995,563548,0,0.95
Patia (El Bordo),19532,2017,4315,1835,1870,109,1,0,0,46,400,36,18,950.76621253406,1310.4433155080214,1517.2935779816514,4487,0,0,3164.086956521739,3175.8775,11305.222222222223,35086.88888888889,1744656,2450529,165385,4487,0,0,145548,1270351,406988,631564,4960.0,4089,686,6,1,0,0,24,71,83,0,1418.0114942528735,1487.4650145772596,1427.6666666666667,434,0,0,13206.958333333334,3950.1830985915494,5734.78313253012,0,5798249,1020401,8566,434,0,0,316967,280463,475987,0,0.95
Piamonte,19533,2012,409,383,0,0,0,0,0,0,20,6,0,873.7885117493472,0,0,0,0,0,0,3668.65,5777.833333333333,0,334661,0,0,0,0,0,0,73373,34667,0,387.0,361,0,0,0,0,0,1,14,11,0,794.792243767313,0,0,0,0,0,759,2297.5714285714284,765.4545454545455,0,286920,0,0,0,0,0,759,32166,8420,0,0.0
Piamonte,19533,2013,460,430,0,0,0,0,0,0,23,7,0,883.1627906976744,0,0,0,0,0,0,3636.217391304348,5817.714285714285,0,379760,0,0,0,0,0,0,83633,40724,0,418.0,390,0,0,0,0,0,2,14,12,0,812.9769230769231,0,0,0,0,0,676,2289.214285714286,1249.0833333333333,0,317061,0,0,0,0,0,1352,32049,14989,0,0.48
Piamonte,19533,2014,502,472,0,0,0,0,0,0,23,7,0,912.7542372881356,0,0,0,0,0,0,4373.391304347826,13876.142857142857,0,430820,0,0,0,0,0,0,100588,97133,0,444.0,417,0,0,0,0,0,2,13,12,0,747.0983213429257,0,0,0,0,0,534.5,1991,1512,0,311540,0,0,0,0,0,1069,25883,18144,0,0.496
Piamonte,19533,2015,654,617,0,0,0,0,0,2,26,9,0,783.2933549432739,0,0,0,0,0,232,2300.846153846154,9257.888888888889,0,483292,0,0,0,0,0,464,59822,83321,0,423.0,399,0,0,0,0,0,2,10,12,0,678.3358395989975,0,0,0,0,0,66.5,2497.4,1626.6666666666667,0,270656,0,0,0,0,0,133,24974,19520,0,0.5
Piendamo,19548,2012,4415,1258,1795,924,0,0,0,35,355,35,13,963.2535771065183,1105.7136490250696,1321.0357142857142,0,0,0,7119.285714285715,2811.8169014084506,7055.5142857142855,53215.38461538462,1211773,1984756,1220637,0,0,0,249175,998195,246943,691800,5866.0,4548,1118,48,2,0,0,30,67,52,1,690.1479771328056,955.5652951699464,1101.625,2145.5,0,0,10054.466666666667,4186.955223880597,2150.6923076923076,1361,3138793,1068322,52878,4291,0,0,301634,280526,111836,1361,0.0
Piendamo,19548,2013,4528,1342,1833,915,0,0,0,33,361,33,11,920.0119225037258,1137.5199127114022,1436.2830601092896,0,0,0,5894.090909090909,2854.1329639889195,8448.666666666666,75543.09090909091,1234656,2085074,1314199,0,0,0,194505,1030342,278806,830974,6043.0,4724,1118,46,2,0,0,29,71,52,1,648.9333192209991,968.288908765653,1109,1365,0,0,13845.344827586207,4595.633802816901,2129.076923076923,1096,3065561,1082547,51014,2730,0,0,401515,326290,110712,1096,0.89
Piendamo,19548,2014,4691,1427,1894,918,0,0,0,33,374,34,11,863.3601962158374,1082.071277719113,1387.8529411764705,0,0,0,6778.030303030303,2723.513368983957,8032.705882352941,74634.27272727272,1232015,2049443,1274049,0,0,0,223675,1018594,273112,820977,6262.0,4945,1119,45,0,0,0,29,70,54,0,643.9642062689585,975.9142091152816,1101.4444444444443,0,0,0,14192.793103448275,5340.442857142857,1906.2962962962963,0,3184403,1092048,49565,0,0,0,411591,373831,102940,0,0.92
Piendamo,19548,2015,4860,1512,1945,933,0,0,0,35,387,37,11,906.5456349206349,1116.7408740359897,1364.6430868167204,0,0,0,7812.371428571429,2705.684754521964,7812.243243243243,55409.545454545456,1370697,2172061,1273212,0,0,0,273433,1047100,289053,609505,6376.0,5053,1121,46,0,0,0,29,73,54,0,671.1165644171779,997.4603033006244,1189.4347826086957,0,0,0,13884.448275862069,5635.219178082192,2468.0925925925926,0,3391152,1118153,54714,0,0,0,402649,411371,133277,0,0.96
Popayan,19001,2017,77649,10181,25404,19705,13215,2959,520,421,4999,217,28,1414.0440035359984,1246.9174539442608,1365.3697031210352,1481.5360575104048,1589.2335248394727,1943.4730769230769,30898.845605700713,5007.802560512102,19166.935483870966,26778.85714285714,14396382,31676691,26904610,19578499,4702542,1010606,13008414,25034005,4159225,749808,21111.0,12591,3332,1257,1173,246,93,155,2040,222,2,797.9750615519022,1225.0768307322928,1662.9284009546539,2102.4731457800513,2221.569105691057,3566.2150537634407,64855.8064516129,6847.674019607844,48533.02252252252,5613259,10047304,4081956,2090301,2466201,546506,331658,10052650,13969255,10774331,11226518,0.999
Piendamo,19548,2016,4993,1567,1992,946,0,0,0,35,406,36,11,918.401403956605,1105.7153614457832,1331.443974630021,0,0,0,8689.171428571428,2643.6059850374063,7605.333333333333,49598.818181818184,1439135,2202585,1259546,0,0,0,304121,1060086,273792,545587,6485.0,5157,1122,46,0,0,0,31,74,55,0,684.4975761101416,989.9188948306595,1191.108695652174,0,0,0,13542.483870967742,4352.243243243243,3044.672727272727,0,3529954,1110689,54791,0,0,0,419817,322066,167457,0,0.97
Piendamo,19548,2017,5203,1682,2058,957,0,0,0,35,422,38,11,910.1914387633769,1076.3741496598639,1285.0219435736676,0,0,0,10826.714285714286,2663.5734597156397,7165.605263157895,49463.36363636364,1530942,2215178,1229766,0,0,0,378935,1124028,272293,544097,6652.0,5313,1124,49,0,0,0,31,80,55,0,688.9235836627141,997.8078291814946,1289.8163265306123,0,0,0,14022.354838709678,3858.85,3073.2727272727275,0,3660251,1121536,63201,0,0,0,434693,308708,169030,0,0.97
Popayan,19001,2012,69833,11868,19639,20192,8013,3001,509,483,5771,352,5,1572.7041624536569,1393.4684047049238,1571.2795661648177,1797.1169349806564,1903.2949016994335,2477.563850687623,30981.931677018634,4846.350199272223,20335.22443181818,2605576.8,18664853,27366326,31727277,14400298,5711788,1261080,14964273,27968287,7157999,13027884,9124.0,6283,2096,232,61,64,8,75,189,114,2,843.8756963234124,1217.6583969465648,1980.0172413793102,2091.3278688524592,2316.890625,2942,90165.97333333333,30287.32275132275,33544.52631578947,2151781.5,5302071,2552212,459364,127571,148281,23536,6762448,5724304,3824076,4303563,0.0
Popayan,19001,2013,71495,12823,20726,20034,8065,3037,520,443,5532,309,6,1477.413085861343,1340.1865289973946,1519.8838474593192,1742.2684438933663,1876.5758972670399,2398.2653846153844,205154.98645598194,5583.907989877079,33408.38187702266,1438317,18944868,27776706,30449353,14051395,5699161,1247098,90883659,30890179,10323190,8629902,10219.0,6602,2054,398,275,76,11,101,553,148,1,769.8703423205089,1232.9070107108082,2282.4422110552764,2373.522033898305,2390.315789473684,3956.2727272727275,100833.12871287129,15216.269439421338,53286.95945945946,9771058,5082684,2532391,908412,700189,181664,43519,10184146,8414597,7886470,9771058,0.99
Popayan,19001,2014,70916,13345,21616,19522,7675,3138,529,397,4447,243,4,1435.0519295616336,1335.6405440414508,1502.7307652904415,1693.1581758957655,1820.4984066284258,2320.0378071833647,21689.25692695214,4754.380930964695,19067.51440329218,25196,19150768,28871206,29336310,12994989,5712724,1227300,8610635,21142732,4633406,100784,15414.0,8720,2498,892,972,116,15,146,1849,205,1,790.1636467889908,1323.906325060048,2115.903587443946,2140.9845679012346,2316.698275862069,4310.8,76668.80821917808,8380.210924824229,46104.68780487805,14024817,6890227,3307118,1887386,2081037,268737,64662,11193646,15495010,9451461,14024817,0.994
Popayan,19001,2015,72525,10526,21667,21470,9739,3376,554,391,4570,228,4,1493.4281778453353,1321.3966400516915,1482.6390777829529,1630.0460006160797,1698.2600710900474,2146.51083032491,28805.12787723785,5034.164551422319,19228.02192982456,26995,15719825,28630701,31832261,15875018,5733326,1189167,11262805,23006132,4383989,107980,17504.0,9471,2845,1396,1154,216,91,149,1970,211,1,824.1408510188998,1306.7789103690686,1662.6146131805158,2143.629116117851,2161.2175925925926,2776.230769230769,78527.71812080537,7522.908629441625,49814.37914691943,14372391,7805438,3717786,2321010,2473748,466823,252637,11700630,14820130,10510834,14372391,0.995
Popayan,19001,2016,74892,8831,23921,20561,12748,2974,482,400,4743,227,5,1607.4461555882685,1286.8712846452906,1416.1211030591896,1555.1753216190775,1685.4001344989913,2043.7842323651453,22883.04,5079.439806029939,17951.26872246696,16559.4,14195357,30783248,29116866,19825375,5012380,985104,9153216,24091783,4074938,82797,18270.0,9863,3273,1256,1175,256,96,147,1988,215,1,826.6511203487782,1245.7681026581117,1646.1353503184714,2126.8476595744683,2248.16796875,3030.0729166666665,72895.59863945578,6926.96277665996,51303.706976744186,15330914,8153260,4077399,2067546,2499046,575531,290887,10715653,13770802,11030297,15330914,0.998
Puerto Tejada ,19573,2012,8082,1368,4349,1799,4,0,4,47,471,30,10,1399.2529239766081,1558.6813060473671,1485.6898276820457,5314.5,0,3107.25,145313.17021276595,8850.070063694267,35207.63333333333,126670.7,1914178,6778705,2672756,21258,0,12429,6829719,4168383,1056229,1266707,1120.0,864,209,0,1,0,3,11,17,13,2,1419.9675925925926,1517.9665071770335,0,728,0,5281.666666666667,150151,6996.411764705882,105602.84615384616,29964.5,1226852,317255,0,728,0,15845,1651661,118939,1372837,59929,0.0
Puerto Tejada ,19573,2013,9450.815879534566,5506.815879534565,1461,1903,4,0,4,49,486,26,11,1562.8158795345653,1683.620004515692,1726.7819232790332,5111.25,0,2832.25,182673.3673469388,8699.456790123457,14531.76923076923,122297.18181818182,2283274,7456753,3286066,20445,0,11329,8950995,4227936,377826,1345269,1153.0,893,209,0,1,0,3,16,16,13,2,1396.353863381859,1508.9138755980862,0,364,0,1941.3333333333333,192107.125,7310.9375,138729.46153846153,18782.5,1246944,315363,0,364,0,5824,3073714,116975,1803483,37565,0.95
Puerto Tejada ,19573,2014,8642,1780,4200,2083,4,0,4,44,490,26,11,1876.6584269662922,1776.4657142857143,1668.7076332213155,5111.5,0,2996.25,196085.13636363635,9870.05918367347,11919.192307692309,121750.18181818182,3340452,7461156,3475918,20446,0,11985,8627746,4836329,309899,1339252,1219.0,923,213,0,24,0,3,24,17,13,2,1741.0303358613219,2153.474178403756,0,142.625,0,2760.6666666666665,206805.83333333334,7423.117647058823,114476.53846153847,12510,1606971,458690,3423,0,0,8282,4963340,126193,1488195,25020,0.96
Puerto Tejada ,19573,2015,8886,2128,4223,1946,4,0,4,43,501,26,11,2041.938909774436,1841.548898887047,1618.5775950668037,4685.75,0,4172.75,205776.6511627907,10305.940119760478,10247.961538461539,116317.81818181818,4345246,7776861,3149752,18743,0,16691,8848396,5163276,266447,1279496,1217.0,943,211,0,0,0,3,27,18,13,2,2009.5853658536585,2443.8483412322275,0,0,0,1354.3333333333333,292030,5947,27074.76923076923,9359.5,1895039,515652,0,0,0,4063,7884810,107046,351972,18719,0.98
Puerto Tejada ,19573,2016,9403,2483,4315,2005,4,0,4,39,513,29,11,1777.1751913008457,1817.0169177288528,1603.3426433915213,4078.75,0,4930.75,222070.53846153847,10657.713450292398,13318.448275862069,122002.09090909091,4412726,7840428,3214702,16315,0,19723,8660751,5467407,386235,1342023,1211.0,938,211,0,1,0,2,27,17,13,2,1874.4594882729211,2163.4312796208533,454,0,0,1771.5,389193.037037037,8186.470588235294,23837.076923076922,17636,1758243,456484,454,0,0,3543,10508212,139170,309882,35272,0.99
Puerto Tejada ,19573,2017,9776,2672,4422,2065,4,0,4,48,520,30,11,1700.120508982036,1721.24197195839,1551.2271186440678,3255,0,5432,2025118.1041666667,9440.892307692307,12315.466666666667,120062.27272727272,4542722,7611332,3203284,13020,0,21728,97205669,4909264,369464,1320685,1219.0,943,216,1,0,0,2,25,17,13,2,1806.9777306468716,2079.152777777778,2668,0,0,2350,572179.76,10223.823529411764,28123.69230769231,24395.5,1703980,449097,2668,0,0,4700,14304494,173805,365608,48791,0.999
Purace,19585,2012,789,296,422,18,0,0,0,10,5,29,9,619.9797297297297,912.872037914692,1160.388888888889,0,0,0,33601.7,7059,3067.1724137931033,10203.888888888889,183514,385232,20887,0,0,0,336017,35295,88948,91835,2562.0,1818,687,1,0,0,0,5,16,35,0,493.15786578657867,606.3100436681223,698,0,0,0,79643.4,2051.9375,1841.0285714285715,0,896561,416535,698,0,0,0,398217,32831,64436,0,0.0
Purace,19585,2013,828,311,449,18,0,0,0,7,5,29,9,536.3311897106109,862.2227171492204,1057.8333333333333,0,0,0,31322.428571428572,6539.2,3227.6206896551726,10516.888888888889,166799,387138,19041,0,0,0,219257,32696,93601,94652,2573.0,1879,636,1,0,0,0,4,19,34,0,437.0697179350718,608.2028301886793,1084,0,0,0,141184.75,2504.7368421052633,1896.7058823529412,0,821254,386817,1084,0,0,0,564739,47590,64488,0,0.88
Purace,19585,2014,895,334,483,19,5,0,0,9,5,30,10,494.1796407185629,851.4679089026915,900.1578947368421,644,0,0,62927.333333333336,6028.6,4214.566666666667,7302.5,165056,411259,17103,3220,0,0,566346,30143,126437,73025,2599.0,1907,632,1,0,0,0,5,20,34,0,387.93078133193495,629.4113924050633,1053,0,0,0,111971.4,2337.2,1433.0588235294117,0,739784,397788,1053,0,0,0,559857,46744,48724,0,0.92
Purace,19585,2015,920,353,493,17,4,0,0,10,6,29,8,493.3201133144476,857.870182555781,1889.2941176470588,1021.25,0,0,100084.9,4914.166666666667,12671.172413793103,8250.875,174142,422930,32118,4085,0,0,1000849,29485,367464,66007,2774.0,2083,631,1,0,0,0,4,21,34,0,384.4829572731637,659.8494453248811,955,0,0,0,188009.75,2488.4285714285716,1620.4705882352941,0,800878,416365,955,0,0,0,752039,52257,55096,0,0.95
Purace,19585,2016,960,362,523,15,5,0,0,11,6,30,8,526.0497237569061,867.5353728489483,1783.8235294117646,930.6,0,0,89249.81818181818,6229,21917.066666666666,8334.375,190430,453721,30325,4653,0,0,981748,37374,657512,66675,2817.0,2120,634,1,0,0,0,5,22,35,0,388.20990566037733,671.9794952681387,938,0,0,0,179758.8,2719.2272727272725,1827.0285714285715,0,823005,426035,938,0,0,0,898794,59823,63946,0,0.96
Purace,19585,2017,1020,374,565,17,7,0,0,13,6,30,8,527.5080213903743,847.5398230088496,1587.0588235294117,1113,0,0,69479.07692307692,6411.333333333333,41470.26666666667,8311.625,197288,478860,26980,7791,0,0,903228,38468,1244108,66493,8733.0,2198,6471,1,0,0,0,5,23,35,0,389.8130118289354,715.919629057187,984,0,0,0,146536.8,2389.391304347826,2491.9142857142856,0,856809,463200,984,0,0,0,732684,54956,87217,0,0.98
San Sebastian,19693,2016,449,405,5,0,0,0,0,3,6,20,10,885.7333333333333,1161,0,0,0,0,6783,525.1666666666666,2710.45,9940.5,358722,5805,0,0,0,0,20349,3151,54209,99405,2846.0,2762,11,0,0,0,0,2,12,55,4,858.034395365677,1008.2727272727273,0,0,0,0,16665,1061.8333333333333,3183.7818181818184,893,2369891,11091,0,0,0,0,33330,12742,175108,3572,0.88
Rosas,19622,2012,412,129,211,15,0,0,0,6,29,16,6,864.6744186046511,1155.4265402843603,1952.6666666666667,0,0,0,12054.833333333334,2774.655172413793,3886.3125,25174.833333333332,111543,243795,29290,0,0,0,72329,80465,62181,151049,2502.0,2323,101,0,0,0,0,10,28,40,0,714.7679724494188,749.940594059406,0,0,0,0,527.6,3927.3214285714284,792.875,0,1660406,75744,0,0,0,0,5276,109965,31715,0,0.0
Rosas,19622,2013,422,140,210,15,0,0,0,6,29,16,6,1168.2071428571428,1446.2142857142858,2051.3333333333335,0,0,0,12571.833333333334,1862.0344827586207,3493.0625,29103.166666666668,163549,303705,30770,0,0,0,75431,53999,55889,174619,2542.0,2356,101,0,0,0,0,10,34,41,0,851.3909168081494,890.9009900990098,0,0,0,0,247.7,4667.823529411765,1101.8048780487804,0,2005877,89981,0,0,0,0,2477,158706,45174,0,0.93
Rosas,19622,2014,433,147,217,14,0,0,0,7,28,14,6,933.9795918367347,1196.9769585253457,1607.4285714285713,0,0,0,10199.285714285714,1870.392857142857,4241.071428571428,28705.166666666668,137295,259744,22504,0,0,0,71395,52371,59375,172231,2670.0,2479,102,0,0,0,0,12,37,40,0,707.1177894312223,755.5098039215686,0,0,0,0,1893.75,4087.864864864865,1103.225,0,1752945,77062,0,0,0,0,22725,151251,44129,0,0.94
Rosas,19622,2015,444,160,218,14,0,0,0,6,26,14,6,949.01875,1223.119266055046,1323.5,0,0,0,8590.125,2000.3076923076924,4455.5,28652,151843,266640,18529,0,0,0,68721,52008,62377,171912,2703.0,2518,99,0,0,0,0,13,36,37,0,716.813343923749,845.5555555555555,0,0,0,0,1487.3846153846155,3284.1666666666665,1195.7567567567567,0,1804936,83710,0,0,0,0,19336,118230,44243,0,0.95
Rosas,19622,2016,454,166,220,13,0,0,0,8,27,14,6,924.0240963855422,1199.8090909090909,1446.2307692307693,0,0,0,7124,3077.4074074074074,4263.214285714285,28942.666666666668,153388,263958,18801,0,0,0,56992,83090,59685,173656,2708.0,2527,98,0,0,0,0,12,32,39,0,640.98891966759,709.2551020408164,0,0,0,0,706.5,3432.3125,927.5897435897435,0,1619779,69507,0,0,0,0,8478,109834,36176,0,0.95
Rosas,19622,2017,465,176,224,10,0,0,0,8,27,14,6,871.4147727272727,1128.669642857143,1322.1,0,0,0,8140.125,3172.703703703704,4013.714285714286,29173.166666666668,153369,252822,13221,0,0,0,65121,85663,56192,175039,2772.0,2592,97,0,0,0,0,11,33,39,0,760.0902777777778,780.9896907216495,0,0,0,0,576.6363636363636,3477.5757575757575,1001.9230769230769,0,1970154,75756,0,0,0,0,6343,114760,39075,0,0.96
San Sebastian,19693,2012,416,368,5,0,0,0,0,3,3,23,14,540.1277173913044,827,0,0,0,0,5568,215.66666666666666,4334.304347826087,6946,198767,4135,0,0,0,0,16704,647,99689,97244,2691.0,2614,9,0,0,0,0,3,9,52,4,450.4927314460597,466.77777777777777,0,0,0,0,12290,1361.888888888889,2458.3846153846152,1400,1177588,4201,0,0,0,0,36870,12257,127836,5600,0.0
San Sebastian,19693,2013,423,374,6,0,0,0,0,3,5,23,12,794.5855614973262,1085.3333333333333,0,0,0,0,6431,1189.2,2817.782608695652,17420.916666666668,297175,6512,0,0,0,0,19293,5946,64809,209051,2738.0,2652,10,0,0,0,0,4,12,58,2,701.2386877828054,809.4,0,0,0,0,10242.75,974.0833333333334,3000.9655172413795,5818,1859685,8094,0,0,0,0,40971,11689,174056,11636,0.84
San Sebastian,19693,2014,449,402,5,1,0,0,0,3,6,20,12,732.5895522388059,1030,0,0,0,0,6588.333333333333,1443,3173.65,19739.75,294501,5150,0,0,0,0,19765,8658,63473,236877,2833.0,2747,10,0,0,0,0,2,13,59,2,840.3884237349836,1065.3,0,0,0,0,18424,1722,3187.322033898305,5737,2308547,10653,0,0,0,0,36848,22386,188052,11474,0.85
San Sebastian,19693,2015,453,406,5,1,0,0,0,3,6,20,12,847.2832512315271,1041.4,579,0,0,0,6601.666666666667,523.6666666666666,2649.65,13913.416666666666,343997,5207,579,0,0,0,19805,3142,52993,166961,2800.0,2718,11,0,0,0,0,1,12,55,3,890.2174392935982,1031.6363636363637,0,0,0,0,18326,941.75,3960.2909090909093,2805.6666666666665,2419611,11348,0,0,0,0,36652,11301,217816,8417,0.85
San Sebastian,19693,2017,454,407,6,0,2,0,0,4,6,20,9,870.8255528255528,916.3333333333334,0,105.5,0,0,68549.75,575.8333333333334,2237.5,10232.111111111111,354426,5498,0,211,0,0,274199,3455,44750,92089,2885.0,2801,11,0,0,0,0,2,12,55,4,1091.8711174580508,1168,0,0,0,0,17271,664.0833333333334,3340.7636363636366,16,3058331,12848,0,0,0,0,34542,7969,183742,64,0.96
Santa Rosa,19701,2012,288,215,56,0,0,0,0,1,1,9,6,569.5209302325582,664.5,0,0,0,0,22511,1119,3955.777777777778,14581.166666666666,122447,37212,0,0,0,0,22511,1119,35602,87487,1186.0,1122,16,0,0,0,0,0,11,37,0,412.1818181818182,397.1875,0,0,0,0,0,2144.6363636363635,809.8648648648649,0,462468,6355,0,0,0,0,0,23591,29965,0,0.0
Santa Rosa,19701,2013,321,242,57,0,1,0,0,1,3,12,5,904.5413223140496,987.9122807017544,0,146,0,0,24828,731.3333333333334,8513.083333333334,29669,218899,56311,0,146,0,0,24828,2194,102157,148345,1155.0,1086,17,0,0,0,0,1,12,39,0,741.7550644567219,768.4705882352941,0,0,0,0,6,2452.5,1005.1794871794872,0,805546,13064,0,0,0,0,6,29430,39202,0,0.78
Santa Rosa,19701,2014,340,262,56,0,0,0,0,1,3,13,5,622.4274809160305,525.0535714285714,0,0,0,0,28660,964.6666666666666,1728.1538461538462,29261.8,163076,29403,0,0,0,0,28660,2894,22466,146309,1157.0,1091,17,0,0,0,0,1,12,36,0,953.038496791934,942.3529411764706,0,0,0,0,1,2525.5833333333335,862.75,0,1039765,16020,0,0,0,0,1,30307,31059,0,0.79
Santa Rosa,19701,2015,350,274,52,0,0,0,0,1,4,12,5,783.3540145985402,670.8461538461538,0,0,0,0,24262,1084.25,1799.75,29207.8,214639,34884,0,0,0,0,24262,4337,21597,146039,1166.0,1101,17,0,0,0,0,1,12,35,0,862.8437783832879,954.4705882352941,0,0,0,0,0,2573.0833333333335,1111.2857142857142,0,949991,16226,0,0,0,0,0,30877,38895,0,0.82
Santa Rosa,19701,2016,371,296,53,0,0,0,0,1,4,12,5,894.2432432432432,684.7169811320755,0,0,0,0,24558,924.25,1590.5,29503.8,264696,36290,0,0,0,0,24558,3697,19086,147519,1210.0,1145,17,0,0,0,0,1,12,35,0,690.8794759825328,983.1764705882352,0,0,0,0,1,2577.4166666666665,1396.9714285714285,0,791057,16714,0,0,0,0,1,30929,48894,0,0.84
Santa Rosa,19701,2017,387,312,52,0,0,0,0,1,5,12,5,798.3814102564103,394.46153846153845,0,0,0,0,21660,1405.4,1769,29422.8,249095,20512,0,0,0,0,21660,7027,21228,147114,1487.0,1421,17,0,0,0,0,1,13,35,0,1064.192118226601,1224.5294117647059,0,0,0,0,0,2157.846153846154,1223.8285714285714,0,1512217,20817,0,0,0,0,0,28052,42834,0,0.85
Santander de Quil.,19598,2012,16644,4751,6588,3482,44,0,0,176,1422,99,82,1236.84908440328,1354.3708257437765,1526.3541068351522,2040.0681818181818,0,0,292570.1477272727,4818.229957805907,13922.484848484848,43514.670731707316,5876270,8922595,5314765,89763,0,0,51492346,6851523,1378326,3568203,10599.0,9537,675,28,14,0,0,108,133,104,0,912.9097200377478,1560.762962962963,5003.964285714285,4131.428571428572,0,0,59541.63888888889,6054.93984962406,8698.346153846154,0,8706420,1053515,140111,57840,0,0,6430497,805307,904628,0,0.0
Santander de Quil.,19598,2013,17331,5146,6835,3521,44,0,0,168,1427,107,83,1155.2870190439176,1381.334455010973,1533.212155637603,2059.0227272727275,0,0,231547.64880952382,5125.35248773651,11486.373831775702,46476.97590361446,5945107,9441421,5398440,90597,0,0,38900005,7313878,1229042,3857589,10753.0,9654,656,43,10,0,0,112,158,120,0,870.8103376838616,1612.530487804878,3754.3023255813955,3910,0,0,70661.58035714286,9186.132911392406,11272.125,0,8406803,1057820,161435,39100,0,0,7914097,1451409,1352655,0,81%%
Santander de Quil.,19598,2014,17958,5617,7049,3495,44,0,0,156,1420,94,83,1110.9067117678476,1342.4673003262874,1520.862947067239,1855.4318181818182,0,0,198693.5128205128,5101.433802816901,11027.117021276596,45891.48192771084,6239963,9463052,5315416,81639,0,0,30996188,7244036,1036549,3808993,11641.0,10426,677,83,10,0,0,114,205,126,0,846.1995012468828,1648.9719350073856,2772.722891566265,3828,0,0,62256.087719298244,9700.058536585366,12278.984126984127,0,8822476,1116354,230136,38280,0,0,7097194,1988512,1547152,0,0.82
Santander de Quil.,19598,2015,18958,6191,7413,3548,44,0,0,151,1440,88,83,1090.9145533839444,1315.5636044786186,1481.5992108229989,1894.4545454545455,0,0,197992.29801324505,5075.152083333333,11019.15909090909,46068.530120481926,6753852,9752273,5256714,83356,0,0,29896837,7308219,969686,3823688,11583.0,10391,649,82,9,0,0,118,207,127,0,890.4408622846694,1701.0616332819723,2337.682926829268,3442.222222222222,0,0,68868.21186440678,12520.975845410629,13088.409448818898,0,9252571,1103989,191690,30980,0,0,8126449,2591842,1662228,0,0.83
Sotara ,19760,2012,344,158,151,1,0,1,0,4,13,15,1,2310.9430379746836,893.225165562914,1764,0,0,0,11300.5,2750.3846153846152,4514.6,242678,365129,134877,1764,0,0,0,45202,35755,67719,242678,2624.0,2437,129,0,0,0,0,2,8,48,0,571.6089454247025,753.1085271317829,0,0,0,0,12573,3286.5,1079.8958333333333,0,1393011,97151,0,0,0,0,25146,26292,51835,0,0.0
Santander de Quil.,19598,2016,19852,6540,7788,3643,44,0,0,154,1509,91,83,1073.887003058104,1282.0392912172574,1429.9472961844633,1902.7045454545455,0,0,194189.36363636365,5141.065606361829,10459.406593406593,46871.048192771086,7023221,9984522,5209298,83719,0,0,29905162,7757868,951806,3890297,11472.0,10325,620,80,8,0,0,118,199,122,0,883.5600968523003,1671.7758064516129,2181.0875,3469.625,0,0,83580.07627118644,13718.698492462312,11972.795081967213,0,9122758,1036501,174487,27757,0,0,9862449,2730021,1460681,0,0.83
Santander de Quil.,19598,2017,21418,7552,8195,3703,45,0,1,157,1590,92,83,1014.4961599576271,1231.0760219646127,1356.6216581150418,1820.5333333333333,0,449,175754.71974522292,4683.759748427673,11222.521739130434,47083.3734939759,7661475,10088668,5023570,81924,0,449,27593491,7447178,1032472,3907920,12091.0,10943,622,79,7,0,0,120,200,120,0,874.0865393402175,1547.9887459807073,2288.4430379746836,3454.285714285714,0,0,77130.31666666667,13492.985,11071.508333333333,0,9565129,962849,180787,24180,0,0,9255638,2698597,1328581,0,0.85
Silvia,19743,2012,1823,534,741,378,46,3,0,15,70,29,7,777.1797752808989,1017.6869095816464,1142.484126984127,740.6521739130435,1216,0,40230.666666666664,2514.1857142857143,7004.241379310345,75752.28571428571,415014,754106,431859,3648,603460,0,603460,175993,203123,530266,4853.0,4666,68,0,1,0,0,14,26,78,0,568.6701671667381,725.8088235294117,0,728,0,0,104255.07142857143,2152.1923076923076,1407.2692307692307,0,2653415,49355,0,728,0,0,1459571,55957,109767,0,0.0
Silvia,19743,2013,1887,566,757,390,47,3,0,15,72,30,7,819.3445229681979,1041.110964332893,1183.7846153846153,674.8936170212766,1055.6666666666667,0,48682.26666666667,2961.6111111111113,7028.966666666666,86903.14285714286,463749,788121,461676,31720,3167,0,730234,213236,210869,608322,5542.0,5346,72,1,1,0,0,16,27,79,0,538.9554807332585,938.9722222222222,0,1638,0,0,99208.625,2127.4814814814813,1609.6582278481012,0,2881256,67606,0,1638,0,0,1587338,57442,127163,0,0.78
Sotara ,19760,2013,389,195,159,2,0,0,0,4,13,15,1,935.8307692307692,1160.5157232704403,2243,0,0,0,10838.75,3047.230769230769,4108.133333333333,283764,182487,184522,4486,0,0,0,43355,39614,61622,283764,2767.0,2565,140,6,0,0,0,1,9,46,0,690.9029239766082,959.1214285714286,882,0,0,0,26930,3171,1382.5652173913043,0,1772166,134277,5292,0,0,0,26930,28539,63598,0,0.86
Silvia,19743,2014,1898,595,750,383,47,3,0,15,69,29,7,744.5193277310924,966.9666666666667,1157.3890339425589,658.6136363636364,666,0,55404.46666666667,3357.6376811594205,7808.103448275862,85711.28571428571,442989,725225,443280,28979,1998,0,831067,231677,226435,599979,5672.0,5480,72,1,0,0,0,15,26,78,0,526.7916058394161,857.0416666666666,262,0,0,0,108854.8,2181.4615384615386,1542.820512820513,0,2886818,61707,262,0,0,0,1632822,56718,120340,0,0.81
Silvia,19743,2015,2051,622,766,494,39,3,0,15,74,31,7,745.983922829582,979.2741514360313,1186.969543147208,650.2820512820513,820,0,54478.26666666667,3761.4054054054054,7725.064516129032,85553.28571428571,464002,750124,467666,25361,2460,0,817174,278344,239477,598873,5999.0,5795,71,2,0,0,0,15,30,86,0,480.0402070750647,874.9295774647887,750.5,0,0,0,114680.06666666667,2003.2333333333333,1576.3720930232557,0,2781833,62120,1501,0,0,0,1720201,60097,135568,0,0.88
Silvia,19743,2016,1994,647,779,397,38,3,0,17,75,31,7,755.9799072642968,984.3966623876765,1197.9571788413098,699.5526315789474,1242,0,46299.882352941175,3613.2533333333336,7988.741935483871,86419.71428571429,489119,766845,475589,26583,3726,0,787098,270994,247651,604938,6026.0,5825,72,2,0,0,0,13,35,79,0,458.08944206008584,820.9722222222222,1496,0,0,0,72877.46153846153,1944.5714285714287,1643.2278481012659,0,2668371,59110,2992,0,0,0,947407,68060,129815,0,0.92
Silvia,19743,2017,2090,735,784,399,37,3,0,18,75,32,7,729.3863945578231,969.469387755102,1169.358395989975,689.7027027027027,1067,0,36228.055555555555,2940.346666666667,8178.21875,73003.71428571429,536099,760064,466574,25519,3201,0,652105,220526,261703,511026,6300.0,6097,73,2,0,0,0,10,38,80,0,599.0892242086272,981.3561643835617,396,0,0,0,8758.6,1841,1754.4375,0,3652647,71639,792,0,0,0,87586,69958,140355,0,0.95
Sotara ,19760,2014,352,167,151,1,0,0,0,4,13,15,1,753.2574850299401,897.8741721854304,2151,0,0,0,8142.5,3159,3918.5333333333333,265178,125794,135579,2151,0,0,0,32570,41067,58778,265178,2764.0,2577,129,0,0,0,0,3,8,47,0,479.83585564610013,813.6124031007752,0,0,0,0,13803.666666666666,3808.5,1278.8297872340424,0,1236537,104956,0,0,0,0,41411,30468,60105,0,0.87
Sotara ,19760,2015,370,182,153,1,0,0,0,4,14,15,1,885.5604395604396,916.7058823529412,3831,0,0,0,7828.75,2867.8571428571427,3670.4666666666667,107333,161172,140256,3831,0,0,0,31315,40150,55057,107333,2908.0,2693,142,6,0,0,0,4,10,53,0,516.9331600445599,946.2253521126761,1119,0,0,0,14986.5,3291.1,957.9622641509434,0,1392101,134364,6714,0,0,0,59946,32911,50772,0,88%%
Sotara ,19760,2016,427,229,159,2,0,0,0,5,16,15,1,913.292576419214,889.1949685534591,2916.5,0,0,0,9943.8,2376.125,3743.2,107892,209144,141382,5833,0,0,0,49719,38018,56148,107892,3037.0,2811,157,5,0,0,0,3,11,50,0,472.65955176093917,997.0509554140127,2823,0,0,0,25420.333333333332,3051.6363636363635,778.44,0,1328646,156537,14115,0,0,0,76261,33568,38922,0,0.89
Sotara ,19760,2017,492,286,165,2,0,0,0,5,17,16,1,826.1503496503497,949.4606060606061,2005.5,0,0,0,10655.4,3411.6470588235293,3767.75,107548,236279,156661,4011,0,0,0,53277,57998,60284,107548,3138.0,2903,163,5,0,0,0,3,14,50,0,610.6703410265243,1007.5030674846626,2780.6,0,0,0,22361.666666666668,3419,795.62,0,1772776,164223,13903,0,0,0,67085,47866,39781,0,0.89
Suarez,19780,2012,1593,1218,264,4,0,0,0,8,72,22,5,1262.6929392446634,1604,1417.75,0,0,0,10749.5,4223.277777777777,5669.681818181818,60050.2,1537960,423456,5671,0,0,0,85996,304076,124733,300251,2981.0,2838,52,0,0,0,0,28,14,49,0,936.1560958421423,1042.923076923077,0,0,0,0,12174.464285714286,2279.1428571428573,1587.857142857143,0,2656811,54232,0,0,0,0,340885,31908,77805,0,0.0
Suarez,19780,2013,1638,1257,266,3,0,0,0,11,74,23,4,1629.9498806682577,1948.4661654135339,1907.6666666666667,0,0,0,8625,3889.0405405405404,9918.347826086956,89197.75,2048847,518292,5723,0,0,0,94875,287789,228122,356791,2929.0,2782,51,0,0,0,0,34,14,48,0,1072.4852624011503,1292.862745098039,0,0,0,0,12852.264705882353,745.2142857142857,1294.2708333333333,0,2983654,65936,0,0,0,0,436977,10433,62125,0,0.81
Suarez,19780,2014,1722,1335,266,4,0,0,0,14,75,22,6,1757.3535580524344,2036.9323308270677,2915.5,0,0,0,23717.35714285714,3539.3333333333335,9904.954545454546,40906.833333333336,2346067,541824,11662,0,0,0,332043,265450,217909,245441,3619.0,3463,49,2,0,0,0,40,16,49,0,1107.9745885070747,1295.795918367347,109.5,0,0,0,8467.9,935.5625,1455.8367346938776,0,3836916,63494,219,0,0,0,338716,14969,71336,0,0.86
Suarez,19780,2015,1793,1409,259,4,0,0,0,13,76,26,6,1950.7281760113556,2171.7953667953666,2675,0,0,0,6098.846153846154,3751.25,9105.192307692309,39253.666666666664,2748576,562495,10700,0,0,0,79285,285095,236735,235522,3872.0,3705,46,0,0,0,0,42,18,61,0,1480.4186234817814,1854.2608695652175,0,0,0,0,8867.97619047619,2024.5,1274.5737704918033,0,5484951,85296,0,0,0,0,372455,36441,77749,0,0.9
Suarez,19780,2016,1794,1422,255,4,0,0,0,11,73,23,6,1725.8382559774964,1997.3019607843137,2060.75,0,0,0,5955.181818181818,3927.3561643835615,9198.478260869566,36960,2454142,509312,8243,0,0,0,65507,286697,211565,221760,3898.0,3733,44,0,0,0,0,49,17,55,0,1323.1004553978034,1792.5454545454545,0,0,0,0,24037.571428571428,1252.4117647058824,1529.6181818181817,0,4939134,78872,0,0,0,0,1177841,21291,84129,0,0.93
Suarez,19780,2017,1795,1430,248,4,0,0,0,11,73,23,6,1707.3867132867133,2052.733870967742,2016.75,0,0,0,5150.545454545455,4071.150684931507,7421.130434782609,49078.166666666664,2441563,509078,8067,0,0,0,56656,297194,170686,294469,3968.0,3803,43,0,0,0,0,50,17,55,0,1384.2892453326322,1732.5348837209303,0,0,0,0,8691.28,1125.5882352941176,1791.7636363636364,0,5264452,74499,0,0,0,0,434564,19135,98547,0,0.95
Sucre,19785,2012,425,375,11,0,0,0,0,3,14,12,10,619.3066666666666,903.2727272727273,0,0,0,0,257.3333333333333,1383.4285714285713,3893.6666666666665,9975.9,232240,9936,0,0,0,0,772,19368,46724,99759,1221.0,1159,35,0,0,0,0,2,2,23,0,347.5392579810181,352.34285714285716,0,0,0,0,14838,47,735.7391304347826,0,402798,12332,0,0,0,0,29676,94,16922,0,0.0
Sucre,19785,2013,440,391,11,0,0,0,0,3,15,12,8,834.1432225063938,1093.5454545454545,0,0,0,0,245.66666666666666,1537.8,3743.9166666666665,16552,326150,12029,0,0,0,0,737,23067,44927,132416,1282.0,1222,35,0,0,0,0,2,2,21,0,556.6317512274959,543.3714285714286,0,0,0,0,15577.5,1342.5,804.7619047619048,0,680204,19018,0,0,0,0,31155,2685,16900,0,0.78
Sucre,19785,2014,459,413,11,0,0,0,0,3,12,12,8,927.7796610169491,1349.3636363636363,0,0,0,0,323.3333333333333,1710,4158.166666666667,15542.5,383173,14843,0,0,0,0,970,20520,49898,124340,1344.0,1285,35,0,0,0,0,1,3,20,0,576.1081712062257,596.1714285714286,0,0,0,0,25037,249,795.3,0,740299,20866,0,0,0,0,25037,747,15906,0,0.8
Sucre,19785,2015,468,419,11,0,0,0,0,3,14,13,8,991.8663484486874,1304.4545454545455,0,0,0,0,369.6666666666667,1849.5714285714287,3661.3846153846152,6892,415592,14349,0,0,0,0,1109,25894,47598,55136,1369.0,1310,35,0,0,0,0,2,3,19,0,649.1847328244274,613.8285714285714,0,0,0,0,14356,335,1072.842105263158,0,850432,21484,0,0,0,0,28712,1005,20384,0,80%%
Sucre,19785,2016,502,452,11,0,0,0,0,4,14,13,8,828.3030973451328,1157,0,0,0,0,569.25,2209.1428571428573,3116.769230769231,6961.5,374393,12727,0,0,0,0,2277,30928,40518,55692,1383.0,1324,35,0,0,0,0,2,3,19,0,650.9418429003022,712.6571428571428,0,0,0,0,17305.5,309.3333333333333,991.1052631578947,0,861847,24943,0,0,0,0,34611,928,18831,0,0.81
Sucre,19785,2017,493,443,11,0,0,0,0,4,15,12,8,713.0699774266366,938.7272727272727,0,0,0,0,2514.5,1519.2666666666667,3556.5833333333335,7468.875,315890,10326,0,0,0,0,10058,22789,42679,59751,1592.0,1533,36,0,0,0,0,2,2,19,0,690.1128506196999,819.3611111111111,0,0,0,0,18853.5,433,867.5263157894736,0,1057943,29497,0,0,0,0,37707,866,16483,0,0.82
Timbio,19807,2012,4126,1968,1751,35,0,0,0,23,270,38,41,865.9059959349594,1251.912050256996,2144.0285714285715,0,0,0,6985.391304347826,1776.0777777777778,5980.131578947368,18450.756097560974,1704103,2192098,75041,0,0,0,160664,479541,227245,756481,4963.0,4334,526,9,0,0,0,19,38,37,0,602.4907706506691,978.2661596958175,1960.7777777777778,0,0,0,3970.4210526315787,3041.6315789473683,2105.189189189189,0,2611195,514568,17647,0,0,0,75438,115582,77892,0,0.0
Timbio,19807,2013,4223,2062,1755,31,0,0,0,21,277,37,40,830.8758486905916,1274.4501424501425,2161.3225806451615,0,0,0,8958.047619047618,1870.6137184115523,6184.7027027027025,21780.125,1713266,2236660,67001,0,0,0,188119,518160,228834,871205,4982.0,4376,512,8,0,0,0,20,37,29,0,597.543647166362,1029.345703125,1948.75,0,0,0,4394.05,5412.405405405405,2075.6666666666665,0,2614851,527025,15590,0,0,0,87881,200259,80951,0,85%%
Timbio,19807,2014,4406,2223,1775,31,0,0,0,22,279,36,40,859.3184885290149,1272.6101408450704,1968.1935483870968,0,0,0,8542.5,1718.888888888889,5632.194444444444,21656.175,1910265,2258883,61014,0,0,0,187935,479570,202759,866247,5364.0,4738,520,8,0,0,0,20,38,40,0,606.7817644575771,1117.7653846153846,2096.125,0,0,0,5064.2,6768.210526315789,2970.45,0,2874932,581238,16769,0,0,0,101284,257192,118818,0,0.87
Toribio,19821,2012,1041,714,259,16,0,0,0,5,20,22,5,866.6666666666666,987.976833976834,1034.1875,0,0,0,21059.2,4444.6,9701.181818181818,42956.2,618800,255886,16547,0,0,0,105296,88892,213426,214781,3680.0,3547,71,0,0,0,0,1,12,49,0,713.6289822385114,726.5633802816901,0,0,0,0,3200,1425.75,1461.5510204081634,0,2531242,51586,0,0,0,0,3200,17109,71616,0,0.0
Timbio,19807,2015,4517,2306,1800,29,0,0,0,22,285,35,40,895.661751951431,1295.591111111111,1978.9655172413793,0,0,0,9378.318181818182,1581.6175438596492,4853.714285714285,38446.725,2065396,2332064,57390,0,0,0,206323,450761,169880,1537869,5319.0,4704,509,9,0,0,0,20,37,40,0,627.4477040816327,1119.524557956778,1824.7777777777778,0,0,0,4627.4,7685.918918918919,4928.675,0,2951514,569838,16423,0,0,0,92548,284379,197147,0,0.89
Timbio,19807,2016,4595,2352,1828,28,0,0,0,21,291,36,39,881.9889455782313,1253.8561269146608,1958.25,0,0,0,9085,1560.6048109965636,4789.222222222223,18836.94871794872,2074438,2292049,54831,0,0,0,190785,454136,172412,734641,5295.0,4691,496,10,0,0,0,20,39,39,0,639.1193775314432,1144.7923387096773,1579.4,0,0,0,4782.1,7283.282051282052,3686.2820512820513,0,2998109,567817,15794,0,0,0,95642,284048,143765,0,0.89
Timbio,19807,2017,4717,2429,1862,28,0,0,0,20,304,35,39,882.4310415808975,1221.6374865735768,2146.5,0,0,0,11241.5,1547.0723684210527,5979.6,19719.74358974359,2143425,2274689,60102,0,0,0,224830,470310,209286,769070,5519.0,4909,500,11,0,0,0,20,40,39,0,634.5139539621105,1081.358,1204.6363636363637,0,0,0,5480.2,7441.875,3255.4871794871797,0,3114829,540679,13251,0,0,0,109604,297675,126964,0,0.9
Timbiqui,19809,2012,0,0,0,0,0,0,0,0,0,0,0,0,0,0,0,0,0,0,0,0,0,0,0,0,0,0,0,0,0,0,0,0.0,0,0,0,0,0,0,0,0,0,0,0,0,0,0,0,0,0,0,0,0,0,0,0,0,0,0,0,0,0,0,0.0
Timbiqui,19809,2013,0,0,0,0,0,0,0,0,0,0,0,0,0,0,0,0,0,0,0,0,0,0,0,0,0,0,0,0,0,0,0,0.0,0,0,0,0,0,0,0,0,0,0,0,0,0,0,0,0,0,0,0,0,0,0,0,0,0,0,0,0,0,0,0.0
Timbiqui,19809,2014,0,0,0,0,0,0,0,0,0,0,0,0,0,0,0,0,0,0,0,0,0,0,0,0,0,0,0,0,0,0,0,0.0,0,0,0,0,0,0,0,0,0,0,0,0,0,0,0,0,0,0,0,0,0,0,0,0,0,0,0,0,0,0,0.0
Timbiqui,19809,2015,0,0,0,0,0,0,0,0,0,0,0,0,0,0,0,0,0,0,0,0,0,0,0,0,0,0,0,0,0,0,0,0.0,0,0,0,0,0,0,0,0,0,0,0,0,0,0,0,0,0,0,0,0,0,0,0,0,0,0,0,0,0,0,0.0
Timbiqui,19809,2016,0,0,0,0,0,0,0,0,0,0,0,0,0,0,0,0,0,0,0,0,0,0,0,0,0,0,0,0,0,0,0,0.0,0,0,0,0,0,0,0,0,0,0,0,0,0,0,0,0,0,0,0,0,0,0,0,0,0,0,0,0,0,0,0.0
Timbiqui,19809,2017,0,0,0,0,0,0,0,0,0,0,0,0,0,0,0,0,0,0,0,0,0,0,0,0,0,0,0,0,0,0,0,0.0,0,0,0,0,0,0,0,0,0,0,0,0,0,0,0,0,0,0,0,0,0,0,0,0,0,0,0,0,0,0,0.0
Toribio,19821,2013,1065,735,258,15,0,0,0,6,23,23,5,1386.8231292517007,1693.2519379844962,2289,0,0,0,20074.333333333332,2658.8695652173915,8974.521739130434,45882,1019315,436859,34335,0,0,0,120446,61154,206414,229410,3687.0,3559,64,0,0,0,0,1,14,49,0,917.4397302613094,1068.515625,0,0,0,0,12784,1567.9285714285713,1259.7142857142858,0,3265168,68385,0,0,0,0,12784,21951,61726,0,0.85
Toribio,19821,2014,1087,766,254,15,0,0,0,4,23,20,5,1909.4556135770235,2159.003937007874,2594.5333333333333,0,0,0,33095.25,3241.8260869565215,9509.8,45252.2,1462643,548387,38918,0,0,0,132381,74562,190196,226261,4188.0,4061,64,0,0,0,0,1,12,50,0,1552.581137650825,1912.265625,0,0,0,0,13048,1714.8333333333333,1697.66,0,6305032,122385,0,0,0,0,13048,20578,84883,0,0.89
Toribio,19821,2015,1121,792,258,16,0,0,0,4,24,22,5,2074.8560606060605,2161.9806201550387,2511.3125,0,0,0,37291.25,3457.125,7262.409090909091,31053.8,1643286,557791,40181,0,0,0,149165,82971,159773,155269,5655.0,5514,66,0,1,0,0,1,15,58,0,1665.2546245919477,2099.8333333333335,0,0,0,0,13067,3118.266666666667,2033.1206896551723,0,9182214,138589,0,0,0,0,13067,46774,117921,0,0.91
Toribio,19821,2016,1162,838,250,16,0,0,0,4,26,23,5,2178.3806682577565,2288.22,2646.9375,0,0,0,33162,3496.0384615384614,6778.695652173913,30034.4,1825483,572055,42351,0,0,0,132648,90897,155910,150172,5890.0,5763,59,0,0,0,0,1,16,51,0,1857.4652090924865,2171.8474576271187,0,0,0,0,13044,2225.875,1816.921568627451,0,10704572,128139,0,0,0,0,13044,35614,92663,0,0.94
Toribio,19821,2017,1215,888,253,16,0,0,0,4,26,23,5,2087.4786036036035,2141.3517786561265,2463.375,0,0,0,29250.75,3768.8846153846152,6286.086956521739,29952.2,1853681,541762,39414,0,0,0,117003,97991,144580,149761,7295.0,7166,58,0,0,0,0,1,19,51,0,1838.3893385431204,2121.396551724138,0,0,0,0,12548,3716.842105263158,2021.1960784313726,0,13173898,123041,0,0,0,0,12548,70620,103081,0,0.96
Totoro,19824,2012,475,296,132,0,0,0,0,3,17,17,10,795.8344594594595,1109.378787878788,0,0,0,0,17580,3078,3801.1176470588234,22289.5,235567,146438,0,0,0,0,52740,52326,64619,222895,3237.0,3043,123,0,0,0,0,5,21,45,0,565.3585277686493,682.0650406504066,0,0,0,0,12796.2,1481.4761904761904,1383.111111111111,0,1720386,83894,0,0,0,0,63981,31111,62240,0,0.0
Totoro,19824,2013,493,308,138,1,0,0,0,2,17,18,9,887.1168831168832,1168.5217391304348,195,0,0,0,21441,3099.1176470588234,3651.5,30693.444444444445,273232,161256,195,0,0,0,42882,52685,65727,276241,3563.0,3282,179,22,0,4,0,5,24,47,0,622.5271176112127,911.5642458100559,249.6818181818182,0,783.25,0,15649.2,1446.25,1335.8936170212767,0,2043134,163170,5493,0,3133,0,78246,34710,62787,0,0.82
Totoro,19824,2014,486,308,134,0,0,0,0,2,16,17,9,876.525974025974,1095.597014925373,0,0,0,0,20224.5,2723.875,4824.764705882353,30271.555555555555,269970,146810,0,0,0,0,40449,43582,82021,272444,3706.0,3473,157,1,0,0,0,5,23,47,0,633.6579326230924,949.1464968152866,0,0,0,0,17269.4,1562.8260869565217,1437.3829787234042,0,2200694,149016,0,0,0,0,86347,35945,67557,0,0.84
Totoro,19824,2015,503,315,137,1,1,0,0,2,20,18,9,876.1650793650794,1092.4525547445255,482,143,0,0,21999,2668.5,4516.222222222223,30215.444444444445,275992,149666,482,143,0,0,43998,53370,81292,271939,3872.0,3560,215,11,0,0,0,6,25,55,0,623.245786516854,1084.3116279069768,900.7272727272727,0,0,0,13082.833333333334,2302.52,1329.6909090909091,0,2218755,233127,9908,0,0,0,78497,57563,73133,0,0.87
Totoro,19824,2016,517,323,142,1,0,0,0,3,22,17,9,937.3560371517028,1098.2887323943662,1614,0,0,0,17026,2227.6363636363635,4470.823529411765,30521.444444444445,302766,155957,1614,0,0,0,51078,49008,76004,274693,3963.0,3568,288,24,0,0,0,5,27,51,0,612.459360986547,1179.7465277777778,1037.5833333333333,0,0,0,29853.6,2833.777777777778,1314.921568627451,0,2185255,339767,24902,0,0,0,149268,76512,67061,0,0.89
Totoro,19824,2017,530,332,144,1,0,0,0,3,23,18,9,996.2048192771084,1115.6875,2482,0,0,0,17553.666666666668,2581.782608695652,4197.166666666667,30438,330740,160659,2482,0,0,0,52661,59381,75549,273942,4197.0,3780,302,27,2,0,0,5,29,52,0,758.0814814814814,1283.6258278145694,1131.5555555555557,697,0,0,37961,2879.310344827586,1454.3653846153845,0,2865548,387655,30552,1394,0,0,189805,83500,75627,0,0.9
Villa Rica,19845,2012,3292,2789,334,9,2,0,0,14,123,12,9,1530.3133739691646,1554.2964071856288,1896.7777777777778,3900,0,0,647978.3571428572,4040.3821138211383,8654.583333333334,69409.66666666667,4268044,519135,17071,7800,0,0,9071697,496967,103855,624687,1444.0,1353,56,0,1,0,1,7,17,8,1,1494.39985218034,1995.5,0,2802,0,1683,1668109.142857143,9802.941176470587,5050.375,30564,2021923,111748,0,2802,0,1683,11676764,166650,40403,30564,0.0
Villa Rica,19845,2013,3440,2920,340,8,2,0,0,16,131,14,9,1499.8794520547945,1601.0088235294118,1885,3831,0,0,1401262.6875,3429.9236641221373,10459.285714285714,72317.88888888889,4379648,544343,15080,7662,0,0,22420203,449320,146430,650861,1398.0,1303,53,1,1,0,0,12,18,9,1,1558.1204911742134,2046.8867924528302,0,2643,0,0,1147749.0833333333,12058.444444444445,4772.333333333333,36657,2030231,108485,0,2643,0,0,13772989,217052,42951,36657,0.88
Villa Rica,19845,2014,3614,3088,348,5,2,0,0,19,127,16,9,1494.9183937823834,1500.7701149425288,2492.6,4238,0,0,1658735.2631578948,3556.8267716535433,14293.25,72312.66666666667,4616308,522268,12463,8476,0,0,31515970,451717,228692,650814,1489.0,1391,54,0,1,0,0,14,19,9,1,1575.470884255931,2073.314814814815,0,3505,0,0,1209580.7857142857,12853.21052631579,4102.555555555556,38800,2191480,111959,0,3505,0,0,16934131,244211,36923,38800,0.89
Villa Rica,19845,2015,3792,3257,355,5,2,0,0,18,129,17,9,1502.8016579674547,1468.7380281690141,2287.4,5132,0,0,2547576.388888889,3605.217054263566,14154.411764705883,73737.11111111111,4894625,521402,11437,10264,0,0,45856375,465073,240625,663634,1405.0,1310,52,0,1,0,0,15,18,8,1,1587.1770992366412,2054.480769230769,0,7403,0,0,731173.6666666666,24270.444444444445,4226.125,34036,2079202,106833,0,7403,0,0,10967605,436868,33809,34036,0.91
Villa Rica,19845,2016,3983,3434,366,5,1,0,0,20,130,18,9,1486.6578334304018,1406.1311475409836,1965.2,6935,0,0,2760644.9,3469.976923076923,14078.833333333334,75689.88888888889,5105183,514644,9826,6935,0,0,55212898,451097,253419,681209,1313.0,1226,50,0,1,0,0,14,15,6,1,1569.4021207177814,1680.22,0,4533,0,0,434139.28571428574,11474.133333333333,4557,51358,1924087,84011,0,4533,0,0,6077950,172112,27342,51358,0.94
Villa Rica,19845,2017,4239,3683,372,5,1,0,0,20,129,20,9,1416.2943252783057,1425.760752688172,1824.6,7149,0,0,2817693.55,3181.2558139534885,13460.85,81474.77777777778,5216212,530383,9123,7149,0,0,56353871,410382,269217,733273,1359.0,1269,50,0,1,0,0,16,16,6,1,1539.156816390859,1586.98,0,3914,0,0,588306.6875,11141.6875,6027,42691,1953190,79349,0,3914,0,0,9412907,178267,36162,42691,0.96